Workbook

Sheet Sheet1
A1: Page | B1: Section | C1: Target Reviewer | D1: Action Taken (The "Why" and "How")
A2: 1 | B2: Abstract | C2: R1 (Pt 2, 5, 6) | D2: Integrated Unified Claims: Updated to include BPI 2017 validation. Balanced the 98% (synthetic) and 72.4% (real-world) savings to avoid overstating.
A3: 2 | B3: Introduction | C3: R1 (Pt 1) | D3: Novelty Reframing: Added the "Autonomous Logic-Adaptation Loop" paragraph. Switched focus from simple "integration" to an active agent that realigns discovery logic.
A4: 4 | B4: III-B: Parametric Model | C4: R1 (Pt 4) | D4: Notation Sync: Verified that math symbols ($\tau_{dep}$, $\tau_{loop}$, $\tau_{sig}$) match the column headers in the Results tables exactly.
A5: 5 | B5: III-F: Re-Optimization | C5: R1 (Pt 4) | D5: Methodological Defense: Added a 200-word justification for Grid Search. Cited exhaustive reproducibility in a finite 135-point space as a requirement for scientific validation.
A6: 12 | B6: IV-C: BPI 17 Setup | C6: R1 (Pt 2) / R2 | D6: NEW SUBSECTION (Data Profiling): Introduced BPI 2017 as a "Stress Test." Included Table 7 with Descriptive Stats (475k events) and explained the high-entropy nature of Variant A.
A7: 18 | B7: V-D: Practical Utility | C7: R1 (Pt 2, 7) / R2 | D7: NEW SUBSECTION (Results): Analyzed real-world behavior. Inserted Table 8 (Means) and Figures 8 & 9 (Trajectories and Drift Signals).
A8: 19 | B8: V-D.3: Sensitivity | C8: R1 (Pt 5, 7) | D8: Deep Insight Narrative: Explicitly addressed the 72.4% savings vs. 98% delta. Explained this as a result of "Stochastic Pulse" sensitivity versus "Episodic Drift" stability.
A9: 20 | B9: VI-B: Limitations | C9: R1 (Pt 7) | D9: NEW SUBSECTION: Provided a detailed academic discussion on threshold sensitivity ($\epsilon$) and the window size ($W$) trade-off between inertia and freshness.
A10: Global | B10: All Sections | C10: R1 (Pt 6) | D10: Tone & Conciseness: Deleted "heroic" adjectives (very, extremely, unique). Swapped absolute claims ("proves," "perfectly") for moderated ones ("demonstrates," "suggests").
A15: Feature | B15: S-BAR [7] | C15: Adaptive Windowing [8] | D15: Prefix-Tree Miners [18] | E15: Proposed Framework
A16: Ingestion | B16: Event Stream | C16: Event Stream | D16: Event Stream | E16: Event Stream
A17: Abstraction | B17: Aggregated DFGs | C17: Sliding Windows | D17: Prefix Trees | E17: Mini-Cubes (Isolated)
A18: Adaptation Target | B18: Graph Edge Counts | C18: Window/History Size | D18: Incremental Updates | E18: Logic ()
A19: Control Logic | B19: Passive | C19: Reactive | D19: Passive | E19: Autonomous / Strategy-Driven
A20: Drift Handling | B20: Continuous/Aging | C20: Threshold-based | D20: Incremental Growth | E20: Distributional (JSD)
A21: Multi-Objective | B21: No (Fixed) | C21: No (Fixed) | D21: No (Fixed) | E21: Yes (F, P, S)

Sheet ASSETS
V1: Metric | W1: New credit (Variant A) | X1: Limit raise (Variant B)
B2: Asset 1: Table 8 – Consolidated BPI17 Discovery Profile | V2: Events | W2: 429717 | X2: 45589
B3: Variant | C3: Strategy | D3: Mean Fitness | E3: Mean Precision | F3: Mean Structure | G3: Mean τdep | H3: Mean τloop | I3: Mean τsig | V3: Cases | W3: 28120 | X3: 3389
B4: New credit | C4: Fidelity | D4: =AVERAGEIFS('New credit'!J:J, 'New credit'!$D:$D, $C4) -> 0.71858327 | E4: =AVERAGEIFS('New credit'!K:K, 'New credit'!$D:$D, $C4) -> 0.77489698 | F4: =AVERAGEIFS('New credit'!L:L, 'New credit'!$D:$D, $C4) -> 0.64949198 | G4: =AVERAGEIFS('New credit'!G:G, 'New credit'!$D:$D, $C4) -> 0.1 | H4: =AVERAGEIFS('New credit'!H:H, 'New credit'!$D:$D, $C4) -> 0.4 | I4: =AVERAGEIFS('New credit'!I:I, 'New credit'!$D:$D, $C4) -> 0.05 | V4: Unique Traces | W4: 5356 | X4: 520
B5: New credit | C5: Strictness | D5: =AVERAGEIFS('New credit'!J:J, 'New credit'!$D:$D, $C5) -> 0.45843528 | E5: =AVERAGEIFS('New credit'!K:K, 'New credit'!$D:$D, $C5) -> 0.86196949 | F5: =AVERAGEIFS('New credit'!L:L, 'New credit'!$D:$D, $C5) -> 0.69893075 | G5: =AVERAGEIFS('New credit'!G:G, 'New credit'!$D:$D, $C5) -> 0.85920468 | H5: =AVERAGEIFS('New credit'!H:H, 'New credit'!$D:$D, $C5) -> 0.57305263 | I5: =AVERAGEIFS('New credit'!I:I, 'New credit'!$D:$D, $C5) -> 0.050982456 | V5: Avg. Trace Length | W5: 15.28 | X5: 13.45
B6: New credit | C6: Parsimony | D6: =AVERAGEIFS('New credit'!J:J, 'New credit'!$D:$D, $C6) -> 0.57264239 | E6: =AVERAGEIFS('New credit'!K:K, 'New credit'!$D:$D, $C6) -> 0.83770461 | F6: =AVERAGEIFS('New credit'!L:L, 'New credit'!$D:$D, $C6) -> 0.74240107 | G6: =AVERAGEIFS('New credit'!G:G, 'New credit'!$D:$D, $C6) -> 0.60844444 | H6: =AVERAGEIFS('New credit'!H:H, 'New credit'!$D:$D, $C6) -> 0.54568421 | I6: =AVERAGEIFS('New credit'!I:I, 'New credit'!$D:$D, $C6) -> 0.057719298 | V6: Density (Events/Case) | W6: 15.28 | X6: 13.45
B7: Limit raise | C7: Fidelity | D7: =AVERAGEIFS('Limit raise'!J:J, 'Limit raise'!$D:$D, $C7) -> 0.66660529 | E7: =AVERAGEIFS('Limit raise'!K:K, 'Limit raise'!$D:$D, $C7) -> 0.80454039 | F7: =AVERAGEIFS('Limit raise'!L:L, 'Limit raise'!$D:$D, $C7) -> 0.66650518 | G7: =AVERAGEIFS('Limit raise'!G:G, 'Limit raise'!$D:$D, $C7) -> 0.1 | H7: =AVERAGEIFS('Limit raise'!H:H, 'Limit raise'!$D:$D, $C7) -> 0.4 | I7: =AVERAGEIFS('Limit raise'!I:I, 'Limit raise'!$D:$D, $C7) -> 0.05
B8: Limit raise | C8: Strictness | D8: =AVERAGEIFS('Limit raise'!J:J, 'Limit raise'!$D:$D, $C8) -> 0.35849075 | E8: =AVERAGEIFS('Limit raise'!K:K, 'Limit raise'!$D:$D, $C8) -> 0.91644677 | F8: =AVERAGEIFS('Limit raise'!L:L, 'Limit raise'!$D:$D, $C8) -> 0.69221368 | G8: =AVERAGEIFS('Limit raise'!G:G, 'Limit raise'!$D:$D, $C8) -> 0.89887719 | H8: =AVERAGEIFS('Limit raise'!H:H, 'Limit raise'!$D:$D, $C8) -> 0.71452632 | I8: =AVERAGEIFS('Limit raise'!I:I, 'Limit raise'!$D:$D, $C8) -> 0.12663158
B9: Limit raise | C9: Parsimony | D9: =AVERAGEIFS('Limit raise'!J:J, 'Limit raise'!$D:$D, $C9) -> 0.50705219 | E9: =AVERAGEIFS('Limit raise'!K:K, 'Limit raise'!$D:$D, $C9) -> 0.89118569 | F9: =AVERAGEIFS('Limit raise'!L:L, 'Limit raise'!$D:$D, $C9) -> 0.81175472 | G9: =AVERAGEIFS('Limit raise'!G:G, 'Limit raise'!$D:$D, $C9) -> 0.73681871 | H9: =AVERAGEIFS('Limit raise'!H:H, 'Limit raise'!$D:$D, $C9) -> 0.65684211 | I9: =AVERAGEIFS('Limit raise'!I:I, 'Limit raise'!$D:$D, $C9) -> 0.050982456
B14: Asset 2: Figure 8 – Longitudinal Quality & Trigger Synchronization
O15: Figure 8 – Longitudinal Quality & Trigger Synchronization -
D16: Fidelity | E16: Strictness | F16: Parsimony | I16: Fidelity | J16: Strictness | K16: Parsimony
C17: ITERATION | D17: fitness_score | E17: precision_score | F17: structure_score | G17: drift_magnitude | H17: drift_threshold | I17: fitness_score | J17: precision_score | K17: structure_score | L17: drift_magnitude | M17: drift_threshold
D18: Fitness | E18: Precision | F18: Structure | G18: Drift magnitude | H18: Drift threshold | I18: Fitness | J18: Precision | K18: Structure | L18: Drift magnitude | M18: Drift threshold
C19: 1 | D19: {=INDEX('New credit'!$A:$O, MATCH(1,('New credit'!$A:$A=$C19)*('New credit'!$D:$D=D$16), 0), MATCH(D$17,'New credit'!$1:$1,0))} -> 0.79310345 | E19: {=INDEX('New credit'!$A:$O, MATCH(1,('New credit'!$A:$A=$C19)*('New credit'!$D:$D=E$16), 0), MATCH(E$17,'New credit'!$1:$1,0))} -> 0.89333333 | F19: {=INDEX('New credit'!$A:$O, MATCH(1,('New credit'!$A:$A=$C19)*('New credit'!$D:$D=F$16), 0), MATCH(F$17,'New credit'!$1:$1,0))} -> 0.6264863 | G19: =INDEX('New credit'!$A:$O, MATCH($C19, 'New credit'!$A:$A, 0), MATCH(G$17, 'New credit'!$1:$1, 0)) -> 1 | H19: 0.15 | I19: {=INDEX('Limit raise'!$A:$O, MATCH(1,('Limit raise'!$A:$A=$C19)*('Limit raise'!$D:$D=I$16), 0), MATCH(I$17,'Limit raise'!$1:$1,0))} -> 1 | J19: {=INDEX('Limit raise'!$A:$O, MATCH(1,('Limit raise'!$A:$A=$C19)*('Limit raise'!$D:$D=J$16), 0), MATCH(J$17,'Limit raise'!$1:$1,0))} -> 0.93142857 | K19: {=INDEX('Limit raise'!$A:$O, MATCH(1,('Limit raise'!$A:$A=$C19)*('Limit raise'!$D:$D=K$16), 0), MATCH(K$17,'Limit raise'!$1:$1,0))} -> 1 | L19: =INDEX('Limit raise'!$A:$O, MATCH($C19, 'Limit raise'!$A:$A, 0), MATCH(L$17,'Limit raise'!$1:$1,0)) -> 1 | M19: 0.15
C20: 2 | D20: {=INDEX('New credit'!$A:$O, MATCH(1,('New credit'!$A:$A=$C20)*('New credit'!$D:$D=D$16), 0), MATCH(D$17,'New credit'!$1:$1,0))} -> 0.83333333 | E20: {=INDEX('New credit'!$A:$O, MATCH(1,('New credit'!$A:$A=$C20)*('New credit'!$D:$D=E$16), 0), MATCH(E$17,'New credit'!$1:$1,0))} -> 0.90384615 | F20: {=INDEX('New credit'!$A:$O, MATCH(1,('New credit'!$A:$A=$C20)*('New credit'!$D:$D=F$16), 0), MATCH(F$17,'New credit'!$1:$1,0))} -> 0.6196678 | G20: =INDEX('New credit'!$A:$O, MATCH($C20, 'New credit'!$A:$A, 0), MATCH(G$17, 'New credit'!$1:$1, 0)) -> 0.075834592 | H20: 0.15 | I20: {=INDEX('Limit raise'!$A:$O, MATCH(1,('Limit raise'!$A:$A=$C20)*('Limit raise'!$D:$D=I$16), 0), MATCH(I$17,'Limit raise'!$1:$1,0))} -> 0.76923077 | J20: {=INDEX('Limit raise'!$A:$O, MATCH(1,('Limit raise'!$A:$A=$C20)*('Limit raise'!$D:$D=J$16), 0), MATCH(J$17,'Limit raise'!$1:$1,0))} -> 0.95714286 | K20: {=INDEX('Limit raise'!$A:$O, MATCH(1,('Limit raise'!$A:$A=$C20)*('Limit raise'!$D:$D=K$16), 0), MATCH(K$17,'Limit raise'!$1:$1,0))} -> 1 | L20: =INDEX('Limit raise'!$A:$O, MATCH($C20, 'Limit raise'!$A:$A, 0), MATCH(L$17,'Limit raise'!$1:$1,0)) -> 1 | M20: 0.15
C21: 3 | D21: {=INDEX('New credit'!$A:$O, MATCH(1,('New credit'!$A:$A=$C21)*('New credit'!$D:$D=D$16), 0), MATCH(D$17,'New credit'!$1:$1,0))} -> 0.78787879 | E21: {=INDEX('New credit'!$A:$O, MATCH(1,('New credit'!$A:$A=$C21)*('New credit'!$D:$D=E$16), 0), MATCH(E$17,'New credit'!$1:$1,0))} -> 0.91461538 | F21: {=INDEX('New credit'!$A:$O, MATCH(1,('New credit'!$A:$A=$C21)*('New credit'!$D:$D=F$16), 0), MATCH(F$17,'New credit'!$1:$1,0))} -> 0.67339138 | G21: =INDEX('New credit'!$A:$O, MATCH($C21, 'New credit'!$A:$A, 0), MATCH(G$17, 'New credit'!$1:$1, 0)) -> 1 | H21: 0.15 | I21: {=INDEX('Limit raise'!$A:$O, MATCH(1,('Limit raise'!$A:$A=$C21)*('Limit raise'!$D:$D=I$16), 0), MATCH(I$17,'Limit raise'!$1:$1,0))} -> 0.8 | J21: {=INDEX('Limit raise'!$A:$O, MATCH(1,('Limit raise'!$A:$A=$C21)*('Limit raise'!$D:$D=J$16), 0), MATCH(J$17,'Limit raise'!$1:$1,0))} -> 0.96375 | K21: {=INDEX('Limit raise'!$A:$O, MATCH(1,('Limit raise'!$A:$A=$C21)*('Limit raise'!$D:$D=K$16), 0), MATCH(K$17,'Limit raise'!$1:$1,0))} -> 0.35714286 | L21: =INDEX('Limit raise'!$A:$O, MATCH($C21, 'Limit raise'!$A:$A, 0), MATCH(L$17,'Limit raise'!$1:$1,0)) -> 0.072796843 | M21: 0.15
C22: 4 | D22: {=INDEX('New credit'!$A:$O, MATCH(1,('New credit'!$A:$A=$C22)*('New credit'!$D:$D=D$16), 0), MATCH(D$17,'New credit'!$1:$1,0))} -> 0.74358974 | E22: {=INDEX('New credit'!$A:$O, MATCH(1,('New credit'!$A:$A=$C22)*('New credit'!$D:$D=E$16), 0), MATCH(E$17,'New credit'!$1:$1,0))} -> 0.91384615 | F22: {=INDEX('New credit'!$A:$O, MATCH(1,('New credit'!$A:$A=$C22)*('New credit'!$D:$D=F$16), 0), MATCH(F$17,'New credit'!$1:$1,0))} -> 0.75632295 | G22: =INDEX('New credit'!$A:$O, MATCH($C22, 'New credit'!$A:$A, 0), MATCH(G$17, 'New credit'!$1:$1, 0)) -> 1 | H22: 0.15 | I22: {=INDEX('Limit raise'!$A:$O, MATCH(1,('Limit raise'!$A:$A=$C22)*('Limit raise'!$D:$D=I$16), 0), MATCH(I$17,'Limit raise'!$1:$1,0))} -> 0.84615385 | J22: {=INDEX('Limit raise'!$A:$O, MATCH(1,('Limit raise'!$A:$A=$C22)*('Limit raise'!$D:$D=J$16), 0), MATCH(J$17,'Limit raise'!$1:$1,0))} -> 0.97375 | K22: {=INDEX('Limit raise'!$A:$O, MATCH(1,('Limit raise'!$A:$A=$C22)*('Limit raise'!$D:$D=K$16), 0), MATCH(K$17,'Limit raise'!$1:$1,0))} -> 0.83189655 | L22: =INDEX('Limit raise'!$A:$O, MATCH($C22, 'Limit raise'!$A:$A, 0), MATCH(L$17,'Limit raise'!$1:$1,0)) -> 1 | M22: 0.15
C23: 5 | D23: {=INDEX('New credit'!$A:$O, MATCH(1,('New credit'!$A:$A=$C23)*('New credit'!$D:$D=D$16), 0), MATCH(D$17,'New credit'!$1:$1,0))} -> 0.78 | E23: {=INDEX('New credit'!$A:$O, MATCH(1,('New credit'!$A:$A=$C23)*('New credit'!$D:$D=E$16), 0), MATCH(E$17,'New credit'!$1:$1,0))} -> 0.91153846 | F23: {=INDEX('New credit'!$A:$O, MATCH(1,('New credit'!$A:$A=$C23)*('New credit'!$D:$D=F$16), 0), MATCH(F$17,'New credit'!$1:$1,0))} -> 0.83007178 | G23: =INDEX('New credit'!$A:$O, MATCH($C23, 'New credit'!$A:$A, 0), MATCH(G$17, 'New credit'!$1:$1, 0)) -> 1 | H23: 0.15 | I23: {=INDEX('Limit raise'!$A:$O, MATCH(1,('Limit raise'!$A:$A=$C23)*('Limit raise'!$D:$D=I$16), 0), MATCH(I$17,'Limit raise'!$1:$1,0))} -> 0.85714286 | J23: {=INDEX('Limit raise'!$A:$O, MATCH(1,('Limit raise'!$A:$A=$C23)*('Limit raise'!$D:$D=J$16), 0), MATCH(J$17,'Limit raise'!$1:$1,0))} -> 0.98 | K23: {=INDEX('Limit raise'!$A:$O, MATCH(1,('Limit raise'!$A:$A=$C23)*('Limit raise'!$D:$D=K$16), 0), MATCH(K$17,'Limit raise'!$1:$1,0))} -> 0.66478873 | L23: =INDEX('Limit raise'!$A:$O, MATCH($C23, 'Limit raise'!$A:$A, 0), MATCH(L$17,'Limit raise'!$1:$1,0)) -> 1 | M23: 0.15
C24: 6 | D24: {=INDEX('New credit'!$A:$O, MATCH(1,('New credit'!$A:$A=$C24)*('New credit'!$D:$D=D$16), 0), MATCH(D$17,'New credit'!$1:$1,0))} -> 0.76363636 | E24: {=INDEX('New credit'!$A:$O, MATCH(1,('New credit'!$A:$A=$C24)*('New credit'!$D:$D=E$16), 0), MATCH(E$17,'New credit'!$1:$1,0))} -> 0.910625 | F24: {=INDEX('New credit'!$A:$O, MATCH(1,('New credit'!$A:$A=$C24)*('New credit'!$D:$D=F$16), 0), MATCH(F$17,'New credit'!$1:$1,0))} -> 0.79701592 | G24: =INDEX('New credit'!$A:$O, MATCH($C24, 'New credit'!$A:$A, 0), MATCH(G$17, 'New credit'!$1:$1, 0)) -> 0.083866456 | H24: 0.15 | I24: {=INDEX('Limit raise'!$A:$O, MATCH(1,('Limit raise'!$A:$A=$C24)*('Limit raise'!$D:$D=I$16), 0), MATCH(I$17,'Limit raise'!$1:$1,0))} -> 0.875 | J24: {=INDEX('Limit raise'!$A:$O, MATCH(1,('Limit raise'!$A:$A=$C24)*('Limit raise'!$D:$D=J$16), 0), MATCH(J$17,'Limit raise'!$1:$1,0))} -> 0.97 | K24: {=INDEX('Limit raise'!$A:$O, MATCH(1,('Limit raise'!$A:$A=$C24)*('Limit raise'!$D:$D=K$16), 0), MATCH(K$17,'Limit raise'!$1:$1,0))} -> 0.76829268 | L24: =INDEX('Limit raise'!$A:$O, MATCH($C24, 'Limit raise'!$A:$A, 0), MATCH(L$17,'Limit raise'!$1:$1,0)) -> 1 | M24: 0.15
C25: 7 | D25: {=INDEX('New credit'!$A:$O, MATCH(1,('New credit'!$A:$A=$C25)*('New credit'!$D:$D=D$16), 0), MATCH(D$17,'New credit'!$1:$1,0))} -> 0.73770492 | E25: {=INDEX('New credit'!$A:$O, MATCH(1,('New credit'!$A:$A=$C25)*('New credit'!$D:$D=E$16), 0), MATCH(E$17,'New credit'!$1:$1,0))} -> 0.91619048 | F25: {=INDEX('New credit'!$A:$O, MATCH(1,('New credit'!$A:$A=$C25)*('New credit'!$D:$D=F$16), 0), MATCH(F$17,'New credit'!$1:$1,0))} -> 0.79961604 | G25: =INDEX('New credit'!$A:$O, MATCH($C25, 'New credit'!$A:$A, 0), MATCH(G$17, 'New credit'!$1:$1, 0)) -> 1 | H25: 0.15 | I25: {=INDEX('Limit raise'!$A:$O, MATCH(1,('Limit raise'!$A:$A=$C25)*('Limit raise'!$D:$D=I$16), 0), MATCH(I$17,'Limit raise'!$1:$1,0))} -> 0.87878788 | J25: {=INDEX('Limit raise'!$A:$O, MATCH(1,('Limit raise'!$A:$A=$C25)*('Limit raise'!$D:$D=J$16), 0), MATCH(J$17,'Limit raise'!$1:$1,0))} -> 0.88769231 | K25: {=INDEX('Limit raise'!$A:$O, MATCH(1,('Limit raise'!$A:$A=$C25)*('Limit raise'!$D:$D=K$16), 0), MATCH(K$17,'Limit raise'!$1:$1,0))} -> 0.65091185 | L25: =INDEX('Limit raise'!$A:$O, MATCH($C25, 'Limit raise'!$A:$A, 0), MATCH(L$17,'Limit raise'!$1:$1,0)) -> 0.052925159 | M25: 0.15
C26: 8 | D26: {=INDEX('New credit'!$A:$O, MATCH(1,('New credit'!$A:$A=$C26)*('New credit'!$D:$D=D$16), 0), MATCH(D$17,'New credit'!$1:$1,0))} -> 0.78947368 | E26: {=INDEX('New credit'!$A:$O, MATCH(1,('New credit'!$A:$A=$C26)*('New credit'!$D:$D=E$16), 0), MATCH(E$17,'New credit'!$1:$1,0))} -> 0.80833333 | F26: {=INDEX('New credit'!$A:$O, MATCH(1,('New credit'!$A:$A=$C26)*('New credit'!$D:$D=F$16), 0), MATCH(F$17,'New credit'!$1:$1,0))} -> 0.70023615 | G26: =INDEX('New credit'!$A:$O, MATCH($C26, 'New credit'!$A:$A, 0), MATCH(G$17, 'New credit'!$1:$1, 0)) -> 0.093758864 | H26: 0.15 | I26: {=INDEX('Limit raise'!$A:$O, MATCH(1,('Limit raise'!$A:$A=$C26)*('Limit raise'!$D:$D=I$16), 0), MATCH(I$17,'Limit raise'!$1:$1,0))} -> 0.83333333 | J26: {=INDEX('Limit raise'!$A:$O, MATCH(1,('Limit raise'!$A:$A=$C26)*('Limit raise'!$D:$D=J$16), 0), MATCH(J$17,'Limit raise'!$1:$1,0))} -> 0.89615385 | K26: {=INDEX('Limit raise'!$A:$O, MATCH(1,('Limit raise'!$A:$A=$C26)*('Limit raise'!$D:$D=K$16), 0), MATCH(K$17,'Limit raise'!$1:$1,0))} -> 0.69512992 | L26: =INDEX('Limit raise'!$A:$O, MATCH($C26, 'Limit raise'!$A:$A, 0), MATCH(L$17,'Limit raise'!$1:$1,0)) -> 0.091936521 | M26: 0.15
C27: 9 | D27: {=INDEX('New credit'!$A:$O, MATCH(1,('New credit'!$A:$A=$C27)*('New credit'!$D:$D=D$16), 0), MATCH(D$17,'New credit'!$1:$1,0))} -> 0.80357143 | E27: {=INDEX('New credit'!$A:$O, MATCH(1,('New credit'!$A:$A=$C27)*('New credit'!$D:$D=E$16), 0), MATCH(E$17,'New credit'!$1:$1,0))} -> 0.85769231 | F27: {=INDEX('New credit'!$A:$O, MATCH(1,('New credit'!$A:$A=$C27)*('New credit'!$D:$D=F$16), 0), MATCH(F$17,'New credit'!$1:$1,0))} -> 0.76026256 | G27: =INDEX('New credit'!$A:$O, MATCH($C27, 'New credit'!$A:$A, 0), MATCH(G$17, 'New credit'!$1:$1, 0)) -> 0.17484676 | H27: 0.15 | I27: {=INDEX('Limit raise'!$A:$O, MATCH(1,('Limit raise'!$A:$A=$C27)*('Limit raise'!$D:$D=I$16), 0), MATCH(I$17,'Limit raise'!$1:$1,0))} -> 0.8 | J27: {=INDEX('Limit raise'!$A:$O, MATCH(1,('Limit raise'!$A:$A=$C27)*('Limit raise'!$D:$D=J$16), 0), MATCH(J$17,'Limit raise'!$1:$1,0))} -> 0.84266667 | K27: {=INDEX('Limit raise'!$A:$O, MATCH(1,('Limit raise'!$A:$A=$C27)*('Limit raise'!$D:$D=K$16), 0), MATCH(K$17,'Limit raise'!$1:$1,0))} -> 0.51870256 | L27: =INDEX('Limit raise'!$A:$O, MATCH($C27, 'Limit raise'!$A:$A, 0), MATCH(L$17,'Limit raise'!$1:$1,0)) -> 0.13823651 | M27: 0.15
C28: 10 | D28: {=INDEX('New credit'!$A:$O, MATCH(1,('New credit'!$A:$A=$C28)*('New credit'!$D:$D=D$16), 0), MATCH(D$17,'New credit'!$1:$1,0))} -> 0.81818182 | E28: {=INDEX('New credit'!$A:$O, MATCH(1,('New credit'!$A:$A=$C28)*('New credit'!$D:$D=E$16), 0), MATCH(E$17,'New credit'!$1:$1,0))} -> 0.86241379 | F28: {=INDEX('New credit'!$A:$O, MATCH(1,('New credit'!$A:$A=$C28)*('New credit'!$D:$D=F$16), 0), MATCH(F$17,'New credit'!$1:$1,0))} -> 0.76494364 | G28: =INDEX('New credit'!$A:$O, MATCH($C28, 'New credit'!$A:$A, 0), MATCH(G$17, 'New credit'!$1:$1, 0)) -> 0.072918543 | H28: 0.15 | I28: {=INDEX('Limit raise'!$A:$O, MATCH(1,('Limit raise'!$A:$A=$C28)*('Limit raise'!$D:$D=I$16), 0), MATCH(I$17,'Limit raise'!$1:$1,0))} -> 0.8 | J28: {=INDEX('Limit raise'!$A:$O, MATCH(1,('Limit raise'!$A:$A=$C28)*('Limit raise'!$D:$D=J$16), 0), MATCH(J$17,'Limit raise'!$1:$1,0))} -> 0.97142857 | K28: {=INDEX('Limit raise'!$A:$O, MATCH(1,('Limit raise'!$A:$A=$C28)*('Limit raise'!$D:$D=K$16), 0), MATCH(K$17,'Limit raise'!$1:$1,0))} -> 0.71824685 | L28: =INDEX('Limit raise'!$A:$O, MATCH($C28, 'Limit raise'!$A:$A, 0), MATCH(L$17,'Limit raise'!$1:$1,0)) -> 1 | M28: 0.15
C29: 11 | D29: {=INDEX('New credit'!$A:$O, MATCH(1,('New credit'!$A:$A=$C29)*('New credit'!$D:$D=D$16), 0), MATCH(D$17,'New credit'!$1:$1,0))} -> 0.82142857 | E29: {=INDEX('New credit'!$A:$O, MATCH(1,('New credit'!$A:$A=$C29)*('New credit'!$D:$D=E$16), 0), MATCH(E$17,'New credit'!$1:$1,0))} -> 0.86517241 | F29: {=INDEX('New credit'!$A:$O, MATCH(1,('New credit'!$A:$A=$C29)*('New credit'!$D:$D=F$16), 0), MATCH(F$17,'New credit'!$1:$1,0))} -> 0.64914905 | G29: =INDEX('New credit'!$A:$O, MATCH($C29, 'New credit'!$A:$A, 0), MATCH(G$17, 'New credit'!$1:$1, 0)) -> 0.11230528 | H29: 0.15 | I29: {=INDEX('Limit raise'!$A:$O, MATCH(1,('Limit raise'!$A:$A=$C29)*('Limit raise'!$D:$D=I$16), 0), MATCH(I$17,'Limit raise'!$1:$1,0))} -> 0.77777778 | J29: {=INDEX('Limit raise'!$A:$O, MATCH(1,('Limit raise'!$A:$A=$C29)*('Limit raise'!$D:$D=J$16), 0), MATCH(J$17,'Limit raise'!$1:$1,0))} -> 0.965625 | K29: {=INDEX('Limit raise'!$A:$O, MATCH(1,('Limit raise'!$A:$A=$C29)*('Limit raise'!$D:$D=K$16), 0), MATCH(K$17,'Limit raise'!$1:$1,0))} -> 0.67243844 | L29: =INDEX('Limit raise'!$A:$O, MATCH($C29, 'Limit raise'!$A:$A, 0), MATCH(L$17,'Limit raise'!$1:$1,0)) -> 0.03357926 | M29: 0.15
C30: 12 | D30: {=INDEX('New credit'!$A:$O, MATCH(1,('New credit'!$A:$A=$C30)*('New credit'!$D:$D=D$16), 0), MATCH(D$17,'New credit'!$1:$1,0))} -> 0.79245283 | E30: {=INDEX('New credit'!$A:$O, MATCH(1,('New credit'!$A:$A=$C30)*('New credit'!$D:$D=E$16), 0), MATCH(E$17,'New credit'!$1:$1,0))} -> 0.89296296 | F30: {=INDEX('New credit'!$A:$O, MATCH(1,('New credit'!$A:$A=$C30)*('New credit'!$D:$D=F$16), 0), MATCH(F$17,'New credit'!$1:$1,0))} -> 0.70483801 | G30: =INDEX('New credit'!$A:$O, MATCH($C30, 'New credit'!$A:$A, 0), MATCH(G$17, 'New credit'!$1:$1, 0)) -> 1 | H30: 0.15 | I30: {=INDEX('Limit raise'!$A:$O, MATCH(1,('Limit raise'!$A:$A=$C30)*('Limit raise'!$D:$D=I$16), 0), MATCH(I$17,'Limit raise'!$1:$1,0))} -> 0.80851064 | J30: {=INDEX('Limit raise'!$A:$O, MATCH(1,('Limit raise'!$A:$A=$C30)*('Limit raise'!$D:$D=J$16), 0), MATCH(J$17,'Limit raise'!$1:$1,0))} -> 0.97133333 | K30: {=INDEX('Limit raise'!$A:$O, MATCH(1,('Limit raise'!$A:$A=$C30)*('Limit raise'!$D:$D=K$16), 0), MATCH(K$17,'Limit raise'!$1:$1,0))} -> 0.68330151 | L30: =INDEX('Limit raise'!$A:$O, MATCH($C30, 'Limit raise'!$A:$A, 0), MATCH(L$17,'Limit raise'!$1:$1,0)) -> 0.053835211 | M30: 0.15
... C66: 48 | D66: {=INDEX('New credit'!$A:$O, MATCH(1,('New credit'!$A:$A=$C66)*('New credit'!$D:$D=D$16), 0), MATCH(D$17,'New credit'!$1:$1,0))} -> 0.65671642 | E66: {=INDEX('New credit'!$A:$O, MATCH(1,('New credit'!$A:$A=$C66)*('New credit'!$D:$D=E$16), 0), MATCH(E$17,'New credit'!$1:$1,0))} -> 0.86269231 | F66: {=INDEX('New credit'!$A:$O, MATCH(1,('New credit'!$A:$A=$C66)*('New credit'!$D:$D=F$16), 0), MATCH(F$17,'New credit'!$1:$1,0))} -> 0.78408191 | G66: =INDEX('New credit'!$A:$O, MATCH($C66, 'New credit'!$A:$A, 0), MATCH(G$17, 'New credit'!$1:$1, 0)) -> 0.084886182 | H66: 0.15 | I66: {=INDEX('Limit raise'!$A:$O, MATCH(1,('Limit raise'!$A:$A=$C66)*('Limit raise'!$D:$D=I$16), 0), MATCH(I$17,'Limit raise'!$1:$1,0))} -> 0.66153846 | J66: {=INDEX('Limit raise'!$A:$O, MATCH(1,('Limit raise'!$A:$A=$C66)*('Limit raise'!$D:$D=J$16), 0), MATCH(J$17,'Limit raise'!$1:$1,0))} -> 0.89222222 | K66: {=INDEX('Limit raise'!$A:$O, MATCH(1,('Limit raise'!$A:$A=$C66)*('Limit raise'!$D:$D=K$16), 0), MATCH(K$17,'Limit raise'!$1:$1,0))} -> 0.80145173 | L66: =INDEX('Limit raise'!$A:$O, MATCH($C66, 'Limit raise'!$A:$A, 0), MATCH(L$17,'Limit raise'!$1:$1,0)) -> 0.072833771 | M66: 0.15
C67: 49 | D67: {=INDEX('New credit'!$A:$O, MATCH(1,('New credit'!$A:$A=$C67)*('New credit'!$D:$D=D$16), 0), MATCH(D$17,'New credit'!$1:$1,0))} -> 0.734375 | E67: {=INDEX('New credit'!$A:$O, MATCH(1,('New credit'!$A:$A=$C67)*('New credit'!$D:$D=E$16), 0), MATCH(E$17,'New credit'!$1:$1,0))} -> 0.84033333 | F67: {=INDEX('New credit'!$A:$O, MATCH(1,('New credit'!$A:$A=$C67)*('New credit'!$D:$D=F$16), 0), MATCH(F$17,'New credit'!$1:$1,0))} -> 0.64296162 | G67: =INDEX('New credit'!$A:$O, MATCH($C67, 'New credit'!$A:$A, 0), MATCH(G$17, 'New credit'!$1:$1, 0)) -> 0.11241111 | H67: 0.15 | I67: {=INDEX('Limit raise'!$A:$O, MATCH(1,('Limit raise'!$A:$A=$C67)*('Limit raise'!$D:$D=I$16), 0), MATCH(I$17,'Limit raise'!$1:$1,0))} -> 0.64615385 | J67: {=INDEX('Limit raise'!$A:$O, MATCH(1,('Limit raise'!$A:$A=$C67)*('Limit raise'!$D:$D=J$16), 0), MATCH(J$17,'Limit raise'!$1:$1,0))} -> 0.92653846 | K67: {=INDEX('Limit raise'!$A:$O, MATCH(1,('Limit raise'!$A:$A=$C67)*('Limit raise'!$D:$D=K$16), 0), MATCH(K$17,'Limit raise'!$1:$1,0))} -> 0.87292683 | L67: =INDEX('Limit raise'!$A:$O, MATCH($C67, 'Limit raise'!$A:$A, 0), MATCH(L$17,'Limit raise'!$1:$1,0)) -> 0.073233893 | M67: 0.15 | O67: Asset 3: Figure 9 – JSD Drift Signal (The "Sensitivity" Plot)
C68: 50 | D68: {=INDEX('New credit'!$A:$O, MATCH(1,('New credit'!$A:$A=$C68)*('New credit'!$D:$D=D$16), 0), MATCH(D$17,'New credit'!$1:$1,0))} -> 0.80645161 | E68: {=INDEX('New credit'!$A:$O, MATCH(1,('New credit'!$A:$A=$C68)*('New credit'!$D:$D=E$16), 0), MATCH(E$17,'New credit'!$1:$1,0))} -> 0.86666667 | F68: {=INDEX('New credit'!$A:$O, MATCH(1,('New credit'!$A:$A=$C68)*('New credit'!$D:$D=F$16), 0), MATCH(F$17,'New credit'!$1:$1,0))} -> 0.77106754 | G68: =INDEX('New credit'!$A:$O, MATCH($C68, 'New credit'!$A:$A, 0), MATCH(G$17, 'New credit'!$1:$1, 0)) -> 0.16016058 | H68: 0.15 | I68: {=INDEX('Limit raise'!$A:$O, MATCH(1,('Limit raise'!$A:$A=$C68)*('Limit raise'!$D:$D=I$16), 0), MATCH(I$17,'Limit raise'!$1:$1,0))} -> 0.64615385 | J68: {=INDEX('Limit raise'!$A:$O, MATCH(1,('Limit raise'!$A:$A=$C68)*('Limit raise'!$D:$D=J$16), 0), MATCH(J$17,'Limit raise'!$1:$1,0))} -> 0.92615385 | K68: {=INDEX('Limit raise'!$A:$O, MATCH(1,('Limit raise'!$A:$A=$C68)*('Limit raise'!$D:$D=K$16), 0), MATCH(K$17,'Limit raise'!$1:$1,0))} -> 0.8738478 | L68: =INDEX('Limit raise'!$A:$O, MATCH($C68, 'Limit raise'!$A:$A, 0), MATCH(L$17,'Limit raise'!$1:$1,0)) -> 0.073812174 | M68: 0.15
C69: 51 | D69: {=INDEX('New credit'!$A:$O, MATCH(1,('New credit'!$A:$A=$C69)*('New credit'!$D:$D=D$16), 0), MATCH(D$17,'New credit'!$1:$1,0))} -> 0.74603175 | E69: {=INDEX('New credit'!$A:$O, MATCH(1,('New credit'!$A:$A=$C69)*('New credit'!$D:$D=E$16), 0), MATCH(E$17,'New credit'!$1:$1,0))} -> 0.83482759 | F69: {=INDEX('New credit'!$A:$O, MATCH(1,('New credit'!$A:$A=$C69)*('New credit'!$D:$D=F$16), 0), MATCH(F$17,'New credit'!$1:$1,0))} -> 0.77165231 | G69: =INDEX('New credit'!$A:$O, MATCH($C69, 'New credit'!$A:$A, 0), MATCH(G$17, 'New credit'!$1:$1, 0)) -> 0.14230698 | H69: 0.15 | I69: {=INDEX('Limit raise'!$A:$O, MATCH(1,('Limit raise'!$A:$A=$C69)*('Limit raise'!$D:$D=I$16), 0), MATCH(I$17,'Limit raise'!$1:$1,0))} -> 0.61538462 | J69: {=INDEX('Limit raise'!$A:$O, MATCH(1,('Limit raise'!$A:$A=$C69)*('Limit raise'!$D:$D=J$16), 0), MATCH(J$17,'Limit raise'!$1:$1,0))} -> 0.8888 | K69: {=INDEX('Limit raise'!$A:$O, MATCH(1,('Limit raise'!$A:$A=$C69)*('Limit raise'!$D:$D=K$16), 0), MATCH(K$17,'Limit raise'!$1:$1,0))} -> 0.78802163 | L69: =INDEX('Limit raise'!$A:$O, MATCH($C69, 'Limit raise'!$A:$A, 0), MATCH(L$17,'Limit raise'!$1:$1,0)) -> 0.072324588 | M69: 0.15
C70: 52 | D70: {=INDEX('New credit'!$A:$O, MATCH(1,('New credit'!$A:$A=$C70)*('New credit'!$D:$D=D$16), 0), MATCH(D$17,'New credit'!$1:$1,0))} -> 0.77192982 | E70: {=INDEX('New credit'!$A:$O, MATCH(1,('New credit'!$A:$A=$C70)*('New credit'!$D:$D=E$16), 0), MATCH(E$17,'New credit'!$1:$1,0))} -> 0.8892 | F70: {=INDEX('New credit'!$A:$O, MATCH(1,('New credit'!$A:$A=$C70)*('New credit'!$D:$D=F$16), 0), MATCH(F$17,'New credit'!$1:$1,0))} -> 0.80881833 | G70: =INDEX('New credit'!$A:$O, MATCH($C70, 'New credit'!$A:$A, 0), MATCH(G$17, 'New credit'!$1:$1, 0)) -> 1 | H70: 0.15 | I70: {=INDEX('Limit raise'!$A:$O, MATCH(1,('Limit raise'!$A:$A=$C70)*('Limit raise'!$D:$D=I$16), 0), MATCH(I$17,'Limit raise'!$1:$1,0))} -> 0.58461538 | J70: {=INDEX('Limit raise'!$A:$O, MATCH(1,('Limit raise'!$A:$A=$C70)*('Limit raise'!$D:$D=J$16), 0), MATCH(J$17,'Limit raise'!$1:$1,0))} -> 0.88695652 | K70: {=INDEX('Limit raise'!$A:$O, MATCH(1,('Limit raise'!$A:$A=$C70)*('Limit raise'!$D:$D=K$16), 0), MATCH(K$17,'Limit raise'!$1:$1,0))} -> 0.77763163 | L70: =INDEX('Limit raise'!$A:$O, MATCH($C70, 'Limit raise'!$A:$A, 0), MATCH(L$17,'Limit raise'!$1:$1,0)) -> 0.071249426 | M70: 0.15
C71: 53 | D71: {=INDEX('New credit'!$A:$O, MATCH(1,('New credit'!$A:$A=$C71)*('New credit'!$D:$D=D$16), 0), MATCH(D$17,'New credit'!$1:$1,0))} -> 0.74509804 | E71: {=INDEX('New credit'!$A:$O, MATCH(1,('New credit'!$A:$A=$C71)*('New credit'!$D:$D=E$16), 0), MATCH(E$17,'New credit'!$1:$1,0))} -> 0.86413793 | F71: {=INDEX('New credit'!$A:$O, MATCH(1,('New credit'!$A:$A=$C71)*('New credit'!$D:$D=F$16), 0), MATCH(F$17,'New credit'!$1:$1,0))} -> 0.75144122 | G71: =INDEX('New credit'!$A:$O, MATCH($C71, 'New credit'!$A:$A, 0), MATCH(G$17, 'New credit'!$1:$1, 0)) -> 0.11282732 | H71: 0.15 | I71: {=INDEX('Limit raise'!$A:$O, MATCH(1,('Limit raise'!$A:$A=$C71)*('Limit raise'!$D:$D=I$16), 0), MATCH(I$17,'Limit raise'!$1:$1,0))} -> 0.58461538 | J71: {=INDEX('Limit raise'!$A:$O, MATCH(1,('Limit raise'!$A:$A=$C71)*('Limit raise'!$D:$D=J$16), 0), MATCH(J$17,'Limit raise'!$1:$1,0))} -> 0.8873913 | K71: {=INDEX('Limit raise'!$A:$O, MATCH(1,('Limit raise'!$A:$A=$C71)*('Limit raise'!$D:$D=K$16), 0), MATCH(K$17,'Limit raise'!$1:$1,0))} -> 0.77814257 | L71: =INDEX('Limit raise'!$A:$O, MATCH($C71, 'Limit raise'!$A:$A, 0), MATCH(L$17,'Limit raise'!$1:$1,0)) -> 0.075482436 | M71: 0.15
C72: 54 | D72: {=INDEX('New credit'!$A:$O, MATCH(1,('New credit'!$A:$A=$C72)*('New credit'!$D:$D=D$16), 0), MATCH(D$17,'New credit'!$1:$1,0))} -> 0.73684211 | E72: {=INDEX('New credit'!$A:$O, MATCH(1,('New credit'!$A:$A=$C72)*('New credit'!$D:$D=E$16), 0), MATCH(E$17,'New credit'!$1:$1,0))} -> 0.86 | F72: {=INDEX('New credit'!$A:$O, MATCH(1,('New credit'!$A:$A=$C72)*('New credit'!$D:$D=F$16), 0), MATCH(F$17,'New credit'!$1:$1,0))} -> 0.70959715 | G72: =INDEX('New credit'!$A:$O, MATCH($C72, 'New credit'!$A:$A, 0), MATCH(G$17, 'New credit'!$1:$1, 0)) -> 1 | H72: 0.15 | I72: {=INDEX('Limit raise'!$A:$O, MATCH(1,('Limit raise'!$A:$A=$C72)*('Limit raise'!$D:$D=I$16), 0), MATCH(I$17,'Limit raise'!$1:$1,0))} -> 0.58461538 | J72: {=INDEX('Limit raise'!$A:$O, MATCH(1,('Limit raise'!$A:$A=$C72)*('Limit raise'!$D:$D=J$16), 0), MATCH(J$17,'Limit raise'!$1:$1,0))} -> 0.88782609 | K72: {=INDEX('Limit raise'!$A:$O, MATCH(1,('Limit raise'!$A:$A=$C72)*('Limit raise'!$D:$D=K$16), 0), MATCH(K$17,'Limit raise'!$1:$1,0))} -> 0.77936037 | L72: =INDEX('Limit raise'!$A:$O, MATCH($C72, 'Limit raise'!$A:$A, 0), MATCH(L$17,'Limit raise'!$1:$1,0)) -> 0.078129359 | M72: 0.15
C73: 55 | D73: {=INDEX('New credit'!$A:$O, MATCH(1,('New credit'!$A:$A=$C73)*('New credit'!$D:$D=D$16), 0), MATCH(D$17,'New credit'!$1:$1,0))} -> 0.78947368 | E73: {=INDEX('New credit'!$A:$O, MATCH(1,('New credit'!$A:$A=$C73)*('New credit'!$D:$D=E$16), 0), MATCH(E$17,'New credit'!$1:$1,0))} -> 0.85939394 | F73: {=INDEX('New credit'!$A:$O, MATCH(1,('New credit'!$A:$A=$C73)*('New credit'!$D:$D=F$16), 0), MATCH(F$17,'New credit'!$1:$1,0))} -> 0.66144174 | G73: =INDEX('New credit'!$A:$O, MATCH($C73, 'New credit'!$A:$A, 0), MATCH(G$17, 'New credit'!$1:$1, 0)) -> 0.08770948 | H73: 0.15 | I73: {=INDEX('Limit raise'!$A:$O, MATCH(1,('Limit raise'!$A:$A=$C73)*('Limit raise'!$D:$D=I$16), 0), MATCH(I$17,'Limit raise'!$1:$1,0))} -> 0.61538462 | J73: {=INDEX('Limit raise'!$A:$O, MATCH(1,('Limit raise'!$A:$A=$C73)*('Limit raise'!$D:$D=J$16), 0), MATCH(J$17,'Limit raise'!$1:$1,0))} -> 0.8896 | K73: {=INDEX('Limit raise'!$A:$O, MATCH(1,('Limit raise'!$A:$A=$C73)*('Limit raise'!$D:$D=K$16), 0), MATCH(K$17,'Limit raise'!$1:$1,0))} -> 0.79848635 | L73: =INDEX('Limit raise'!$A:$O, MATCH($C73, 'Limit raise'!$A:$A, 0), MATCH(L$17,'Limit raise'!$1:$1,0)) -> 0.077484809 | M73: 0.15
C74: 56 | D74: {=INDEX('New credit'!$A:$O, MATCH(1,('New credit'!$A:$A=$C74)*('New credit'!$D:$D=D$16), 0), MATCH(D$17,'New credit'!$1:$1,0))} -> 0.75438596 | E74: {=INDEX('New credit'!$A:$O, MATCH(1,('New credit'!$A:$A=$C74)*('New credit'!$D:$D=E$16), 0), MATCH(E$17,'New credit'!$1:$1,0))} -> 0.86424242 | F74: {=INDEX('New credit'!$A:$O, MATCH(1,('New credit'!$A:$A=$C74)*('New credit'!$D:$D=F$16), 0), MATCH(F$17,'New credit'!$1:$1,0))} -> 0.7209613 | G74: =INDEX('New credit'!$A:$O, MATCH($C74, 'New credit'!$A:$A, 0), MATCH(G$17, 'New credit'!$1:$1, 0)) -> 0.10844112 | H74: 0.15 | I74: {=INDEX('Limit raise'!$A:$O, MATCH(1,('Limit raise'!$A:$A=$C74)*('Limit raise'!$D:$D=I$16), 0), MATCH(I$17,'Limit raise'!$1:$1,0))} -> 0.63492063 | J74: {=INDEX('Limit raise'!$A:$O, MATCH(1,('Limit raise'!$A:$A=$C74)*('Limit raise'!$D:$D=J$16), 0), MATCH(J$17,'Limit raise'!$1:$1,0))} -> 0.8908 | K74: {=INDEX('Limit raise'!$A:$O, MATCH(1,('Limit raise'!$A:$A=$C74)*('Limit raise'!$D:$D=K$16), 0), MATCH(K$17,'Limit raise'!$1:$1,0))} -> 0.79928268 | L74: =INDEX('Limit raise'!$A:$O, MATCH($C74, 'Limit raise'!$A:$A, 0), MATCH(L$17,'Limit raise'!$1:$1,0)) -> 0.086256822 | M74: 0.15
C75: 57 | D75: {=INDEX('New credit'!$A:$O, MATCH(1,('New credit'!$A:$A=$C75)*('New credit'!$D:$D=D$16), 0), MATCH(D$17,'New credit'!$1:$1,0))} -> 0.75 | E75: {=INDEX('New credit'!$A:$O, MATCH(1,('New credit'!$A:$A=$C75)*('New credit'!$D:$D=E$16), 0), MATCH(E$17,'New credit'!$1:$1,0))} -> 0.87225806 | F75: {=INDEX('New credit'!$A:$O, MATCH(1,('New credit'!$A:$A=$C75)*('New credit'!$D:$D=F$16), 0), MATCH(F$17,'New credit'!$1:$1,0))} -> 0.66916116 | G75: =INDEX('New credit'!$A:$O, MATCH($C75, 'New credit'!$A:$A, 0), MATCH(G$17, 'New credit'!$1:$1, 0)) -> 0.17798392 | H75: 0.15 | I75: {=INDEX('Limit raise'!$A:$O, MATCH(1,('Limit raise'!$A:$A=$C75)*('Limit raise'!$D:$D=I$16), 0), MATCH(I$17,'Limit raise'!$1:$1,0))} -> 0.63492063 | J75: {=INDEX('Limit raise'!$A:$O, MATCH(1,('Limit raise'!$A:$A=$C75)*('Limit raise'!$D:$D=J$16), 0), MATCH(J$17,'Limit raise'!$1:$1,0))} -> 0.8908 | K75: {=INDEX('Limit raise'!$A:$O, MATCH(1,('Limit raise'!$A:$A=$C75)*('Limit raise'!$D:$D=K$16), 0), MATCH(K$17,'Limit raise'!$1:$1,0))} -> 0.80068257 | L75: =INDEX('Limit raise'!$A:$O, MATCH($C75, 'Limit raise'!$A:$A, 0), MATCH(L$17,'Limit raise'!$1:$1,0)) -> 0.088264429 | M75: 0.15
C76: 58 | D76: {=INDEX('New credit'!$A:$O, MATCH(1,('New credit'!$A:$A=$C76)*('New credit'!$D:$D=D$16), 0), MATCH(D$17,'New credit'!$1:$1,0))} -> 0.65079365 | E76: {=INDEX('New credit'!$A:$O, MATCH(1,('New credit'!$A:$A=$C76)*('New credit'!$D:$D=E$16), 0), MATCH(E$17,'New credit'!$1:$1,0))} -> 0.86517241 | F76: {=INDEX('New credit'!$A:$O, MATCH(1,('New credit'!$A:$A=$C76)*('New credit'!$D:$D=F$16), 0), MATCH(F$17,'New credit'!$1:$1,0))} -> 0.73172073 | G76: =INDEX('New credit'!$A:$O, MATCH($C76, 'New credit'!$A:$A, 0), MATCH(G$17, 'New credit'!$1:$1, 0)) -> 1 | H76: 0.15 | I76: {=INDEX('Limit raise'!$A:$O, MATCH(1,('Limit raise'!$A:$A=$C76)*('Limit raise'!$D:$D=I$16), 0), MATCH(I$17,'Limit raise'!$1:$1,0))} -> 0.609375 | J76: {=INDEX('Limit raise'!$A:$O, MATCH(1,('Limit raise'!$A:$A=$C76)*('Limit raise'!$D:$D=J$16), 0), MATCH(J$17,'Limit raise'!$1:$1,0))} -> 0.8908 | K76: {=INDEX('Limit raise'!$A:$O, MATCH(1,('Limit raise'!$A:$A=$C76)*('Limit raise'!$D:$D=K$16), 0), MATCH(K$17,'Limit raise'!$1:$1,0))} -> 0.80202488 | L76: =INDEX('Limit raise'!$A:$O, MATCH($C76, 'Limit raise'!$A:$A, 0), MATCH(L$17,'Limit raise'!$1:$1,0)) -> 0.090608237 | M76: 0.15
C77: 59 | D77: {=INDEX('New credit'!$A:$O, MATCH(1,('New credit'!$A:$A=$C77)*('New credit'!$D:$D=D$16), 0), MATCH(D$17,'New credit'!$1:$1,0))} -> 0.62711864 | E77: {=INDEX('New credit'!$A:$O, MATCH(1,('New credit'!$A:$A=$C77)*('New credit'!$D:$D=E$16), 0), MATCH(E$17,'New credit'!$1:$1,0))} -> 0.88583333 | F77: {=INDEX('New credit'!$A:$O, MATCH(1,('New credit'!$A:$A=$C77)*('New credit'!$D:$D=F$16), 0), MATCH(F$17,'New credit'!$1:$1,0))} -> 0.77081859 | G77: =INDEX('New credit'!$A:$O, MATCH($C77, 'New credit'!$A:$A, 0), MATCH(G$17, 'New credit'!$1:$1, 0)) -> 1 | H77: 0.15 | I77: {=INDEX('Limit raise'!$A:$O, MATCH(1,('Limit raise'!$A:$A=$C77)*('Limit raise'!$D:$D=I$16), 0), MATCH(I$17,'Limit raise'!$1:$1,0))} -> 0.609375 | J77: {=INDEX('Limit raise'!$A:$O, MATCH(1,('Limit raise'!$A:$A=$C77)*('Limit raise'!$D:$D=J$16), 0), MATCH(J$17,'Limit raise'!$1:$1,0))} -> 0.8916 | K77: {=INDEX('Limit raise'!$A:$O, MATCH(1,('Limit raise'!$A:$A=$C77)*('Limit raise'!$D:$D=K$16), 0), MATCH(K$17,'Limit raise'!$1:$1,0))} -> 0.80244466 | L77: =INDEX('Limit raise'!$A:$O, MATCH($C77, 'Limit raise'!$A:$A, 0), MATCH(L$17,'Limit raise'!$1:$1,0)) -> 0.09363703 | M77: 0.15
C78: 60 | D78: {=INDEX('New credit'!$A:$O, MATCH(1,('New credit'!$A:$A=$C78)*('New credit'!$D:$D=D$16), 0), MATCH(D$17,'New credit'!$1:$1,0))} -> 0.69090909 | E78: {=INDEX('New credit'!$A:$O, MATCH(1,('New credit'!$A:$A=$C78)*('New credit'!$D:$D=E$16), 0), MATCH(E$17,'New credit'!$1:$1,0))} -> 0.8528 | F78: {=INDEX('New credit'!$A:$O, MATCH(1,('New credit'!$A:$A=$C78)*('New credit'!$D:$D=F$16), 0), MATCH(F$17,'New credit'!$1:$1,0))} -> 0.733876 | G78: =INDEX('New credit'!$A:$O, MATCH($C78, 'New credit'!$A:$A, 0), MATCH(G$17, 'New credit'!$1:$1, 0)) -> 0.13761497 | H78: 0.15 | I78: {=INDEX('Limit raise'!$A:$O, MATCH(1,('Limit raise'!$A:$A=$C78)*('Limit raise'!$D:$D=I$16), 0), MATCH(I$17,'Limit raise'!$1:$1,0))} -> 0.625 | J78: {=INDEX('Limit raise'!$A:$O, MATCH(1,('Limit raise'!$A:$A=$C78)*('Limit raise'!$D:$D=J$16), 0), MATCH(J$17,'Limit raise'!$1:$1,0))} -> 0.89230769 | K78: {=INDEX('Limit raise'!$A:$O, MATCH(1,('Limit raise'!$A:$A=$C78)*('Limit raise'!$D:$D=K$16), 0), MATCH(K$17,'Limit raise'!$1:$1,0))} -> 0.82169696 | L78: =INDEX('Limit raise'!$A:$O, MATCH($C78, 'Limit raise'!$A:$A, 0), MATCH(L$17,'Limit raise'!$1:$1,0)) -> 0.091169685 | M78: 0.15
C79: 61 | D79: {=INDEX('New credit'!$A:$O, MATCH(1,('New credit'!$A:$A=$C79)*('New credit'!$D:$D=D$16), 0), MATCH(D$17,'New credit'!$1:$1,0))} -> 0.75 | E79: {=INDEX('New credit'!$A:$O, MATCH(1,('New credit'!$A:$A=$C79)*('New credit'!$D:$D=E$16), 0), MATCH(E$17,'New credit'!$1:$1,0))} -> 0.88333333 | F79: {=INDEX('New credit'!$A:$O, MATCH(1,('New credit'!$A:$A=$C79)*('New credit'!$D:$D=F$16), 0), MATCH(F$17,'New credit'!$1:$1,0))} -> 0.71957224 | G79: =INDEX('New credit'!$A:$O, MATCH($C79, 'New credit'!$A:$A, 0), MATCH(G$17, 'New credit'!$1:$1, 0)) -> 1 | H79: 0.15 | I79: {=INDEX('Limit raise'!$A:$O, MATCH(1,('Limit raise'!$A:$A=$C79)*('Limit raise'!$D:$D=I$16), 0), MATCH(I$17,'Limit raise'!$1:$1,0))} -> 0.640625 | J79: {=INDEX('Limit raise'!$A:$O, MATCH(1,('Limit raise'!$A:$A=$C79)*('Limit raise'!$D:$D=J$16), 0), MATCH(J$17,'Limit raise'!$1:$1,0))} -> 0.89148148 | K79: {=INDEX('Limit raise'!$A:$O, MATCH(1,('Limit raise'!$A:$A=$C79)*('Limit raise'!$D:$D=K$16), 0), MATCH(K$17,'Limit raise'!$1:$1,0))} -> 0.7977032 | L79: =INDEX('Limit raise'!$A:$O, MATCH($C79, 'Limit raise'!$A:$A, 0), MATCH(L$17,'Limit raise'!$1:$1,0)) -> 0.091141127 | M79: 0.15
... C128: 110 | D128: {=INDEX('New credit'!$A:$O, MATCH(1,('New credit'!$A:$A=$C128)*('New credit'!$D:$D=D$16), 0), MATCH(D$17,'New credit'!$1:$1,0))} -> 0.72131148 | E128: {=INDEX('New credit'!$A:$O, MATCH(1,('New credit'!$A:$A=$C128)*('New credit'!$D:$D=E$16), 0), MATCH(E$17,'New credit'!$1:$1,0))} -> 0.858 | F128: {=INDEX('New credit'!$A:$O, MATCH(1,('New credit'!$A:$A=$C128)*('New credit'!$D:$D=F$16), 0), MATCH(F$17,'New credit'!$1:$1,0))} -> 0.73079961 | G128: =INDEX('New credit'!$A:$O, MATCH($C128, 'New credit'!$A:$A, 0), MATCH(G$17, 'New credit'!$1:$1, 0)) -> 1 | H128: 0.15 | I128: {=INDEX('Limit raise'!$A:$O, MATCH(1,('Limit raise'!$A:$A=$C128)*('Limit raise'!$D:$D=I$16), 0), MATCH(I$17,'Limit raise'!$1:$1,0))} -> 0.69354839 | J128: {=INDEX('Limit raise'!$A:$O, MATCH(1,('Limit raise'!$A:$A=$C128)*('Limit raise'!$D:$D=J$16), 0), MATCH(J$17,'Limit raise'!$1:$1,0))} -> 0.9275 | K128: {=INDEX('Limit raise'!$A:$O, MATCH(1,('Limit raise'!$A:$A=$C128)*('Limit raise'!$D:$D=K$16), 0), MATCH(K$17,'Limit raise'!$1:$1,0))} -> 0.88674711 | L128: =INDEX('Limit raise'!$A:$O, MATCH($C128, 'Limit raise'!$A:$A, 0), MATCH(L$17,'Limit raise'!$1:$1,0)) -> 0.045688288 | M128: 0.15
C129: 111 | D129: {=INDEX('New credit'!$A:$O, MATCH(1,('New credit'!$A:$A=$C129)*('New credit'!$D:$D=D$16), 0), MATCH(D$17,'New credit'!$1:$1,0))} -> 0.70769231 | E129: {=INDEX('New credit'!$A:$O, MATCH(1,('New credit'!$A:$A=$C129)*('New credit'!$D:$D=E$16), 0), MATCH(E$17,'New credit'!$1:$1,0))} -> 0.858 | F129: {=INDEX('New credit'!$A:$O, MATCH(1,('New credit'!$A:$A=$C129)*('New credit'!$D:$D=F$16), 0), MATCH(F$17,'New credit'!$1:$1,0))} -> 0.69954018 | G129: =INDEX('New credit'!$A:$O, MATCH($C129, 'New credit'!$A:$A, 0), MATCH(G$17, 'New credit'!$1:$1, 0)) -> 0.076234032 | H129: 0.15 | I129: {=INDEX('Limit raise'!$A:$O, MATCH(1,('Limit raise'!$A:$A=$C129)*('Limit raise'!$D:$D=I$16), 0), MATCH(I$17,'Limit raise'!$1:$1,0))} -> 0.67213115 | J129: {=INDEX('Limit raise'!$A:$O, MATCH(1,('Limit raise'!$A:$A=$C129)*('Limit raise'!$D:$D=J$16), 0), MATCH(J$17,'Limit raise'!$1:$1,0))} -> 0.928 | K129: {=INDEX('Limit raise'!$A:$O, MATCH(1,('Limit raise'!$A:$A=$C129)*('Limit raise'!$D:$D=K$16), 0), MATCH(K$17,'Limit raise'!$1:$1,0))} -> 0.88014341 | L129: =INDEX('Limit raise'!$A:$O, MATCH($C129, 'Limit raise'!$A:$A, 0), MATCH(L$17,'Limit raise'!$1:$1,0)) -> 0.052493997 | M129: 0.15 | P129: Variant | Q129: Optimization Module | R129: Strategy | S129: Eval. Budget (Be) | T129: Mean Fitness (F) | U129: Mean Precision (P) | V129: Mean Structure (S) | W129: Mean Dep | X129: Mean Loop | Y129: Mean Sig | Z129: Aggregated Efficiency (ηagg)
C130: 112 | D130: {=INDEX('New credit'!$A:$O, MATCH(1,('New credit'!$A:$A=$C130)*('New credit'!$D:$D=D$16), 0), MATCH(D$17,'New credit'!$1:$1,0))} -> 0.73846154 | E130: {=INDEX('New credit'!$A:$O, MATCH(1,('New credit'!$A:$A=$C130)*('New credit'!$D:$D=E$16), 0), MATCH(E$17,'New credit'!$1:$1,0))} -> 0.86242424 | F130: {=INDEX('New credit'!$A:$O, MATCH(1,('New credit'!$A:$A=$C130)*('New credit'!$D:$D=F$16), 0), MATCH(F$17,'New credit'!$1:$1,0))} -> 0.74297756 | G130: =INDEX('New credit'!$A:$O, MATCH($C130, 'New credit'!$A:$A, 0), MATCH(G$17, 'New credit'!$1:$1, 0)) -> 0.16079647 | H130: 0.15 | I130: {=INDEX('Limit raise'!$A:$O, MATCH(1,('Limit raise'!$A:$A=$C130)*('Limit raise'!$D:$D=I$16), 0), MATCH(I$17,'Limit raise'!$1:$1,0))} -> 0.66129032 | J130: {=INDEX('Limit raise'!$A:$O, MATCH(1,('Limit raise'!$A:$A=$C130)*('Limit raise'!$D:$D=J$16), 0), MATCH(J$17,'Limit raise'!$1:$1,0))} -> 0.9275 | K130: {=INDEX('Limit raise'!$A:$O, MATCH(1,('Limit raise'!$A:$A=$C130)*('Limit raise'!$D:$D=K$16), 0), MATCH(K$17,'Limit raise'!$1:$1,0))} -> 0.85993802 | L130: =INDEX('Limit raise'!$A:$O, MATCH($C130, 'Limit raise'!$A:$A, 0), MATCH(L$17,'Limit raise'!$1:$1,0)) -> 0.055157565 | M130: 0.15 | P130: New credit | Q130: Grid Search | R130: Fidelity | S130: 135 | T130: 0.71845362 | U130: 0.77484004 | V130: 0.64969639 | W130: 0.1 | X130: 0.4 | Y130: 0.05 | Z130: 0.0027295299
C131: 113 | D131: {=INDEX('New credit'!$A:$O, MATCH(1,('New credit'!$A:$A=$C131)*('New credit'!$D:$D=D$16), 0), MATCH(D$17,'New credit'!$1:$1,0))} -> 0.70967742 | E131: {=INDEX('New credit'!$A:$O, MATCH(1,('New credit'!$A:$A=$C131)*('New credit'!$D:$D=E$16), 0), MATCH(E$17,'New credit'!$1:$1,0))} -> 0.86285714 | F131: {=INDEX('New credit'!$A:$O, MATCH(1,('New credit'!$A:$A=$C131)*('New credit'!$D:$D=F$16), 0), MATCH(F$17,'New credit'!$1:$1,0))} -> 0.73900522 | G131: =INDEX('New credit'!$A:$O, MATCH($C131, 'New credit'!$A:$A, 0), MATCH(G$17, 'New credit'!$1:$1, 0)) -> 0.096014157 | H131: 0.15 | I131: {=INDEX('Limit raise'!$A:$O, MATCH(1,('Limit raise'!$A:$A=$C131)*('Limit raise'!$D:$D=I$16), 0), MATCH(I$17,'Limit raise'!$1:$1,0))} -> 0.66129032 | J131: {=INDEX('Limit raise'!$A:$O, MATCH(1,('Limit raise'!$A:$A=$C131)*('Limit raise'!$D:$D=J$16), 0), MATCH(J$17,'Limit raise'!$1:$1,0))} -> 0.9275 | K131: {=INDEX('Limit raise'!$A:$O, MATCH(1,('Limit raise'!$A:$A=$C131)*('Limit raise'!$D:$D=K$16), 0), MATCH(K$17,'Limit raise'!$1:$1,0))} -> 0.85476062 | L131: =INDEX('Limit raise'!$A:$O, MATCH($C131, 'Limit raise'!$A:$A, 0), MATCH(L$17,'Limit raise'!$1:$1,0)) -> 0.057602306 | M131: 0.15 | R131: Strictness | S131: 135 | T131: 0.44224873 | U131: 0.86140817 | V131: 0.6897792 | W131: 0.87957895 | X131: 0.57305263 | Y131: 0.051157895 | Z131: 0.0032982634
C132: 114 | D132: {=INDEX('New credit'!$A:$O, MATCH(1,('New credit'!$A:$A=$C132)*('New credit'!$D:$D=D$16), 0), MATCH(D$17,'New credit'!$1:$1,0))} -> 0.71428571 | E132: {=INDEX('New credit'!$A:$O, MATCH(1,('New credit'!$A:$A=$C132)*('New credit'!$D:$D=E$16), 0), MATCH(E$17,'New credit'!$1:$1,0))} -> 0.86970588 | F132: {=INDEX('New credit'!$A:$O, MATCH(1,('New credit'!$A:$A=$C132)*('New credit'!$D:$D=F$16), 0), MATCH(F$17,'New credit'!$1:$1,0))} -> 0.65329562 | G132: =INDEX('New credit'!$A:$O, MATCH($C132, 'New credit'!$A:$A, 0), MATCH(G$17, 'New credit'!$1:$1, 0)) -> 0.10432639 | H132: 0.15 | I132: {=INDEX('Limit raise'!$A:$O, MATCH(1,('Limit raise'!$A:$A=$C132)*('Limit raise'!$D:$D=I$16), 0), MATCH(I$17,'Limit raise'!$1:$1,0))} -> 0.66129032 | J132: {=INDEX('Limit raise'!$A:$O, MATCH(1,('Limit raise'!$A:$A=$C132)*('Limit raise'!$D:$D=J$16), 0), MATCH(J$17,'Limit raise'!$1:$1,0))} -> 0.9285 | K132: {=INDEX('Limit raise'!$A:$O, MATCH(1,('Limit raise'!$A:$A=$C132)*('Limit raise'!$D:$D=K$16), 0), MATCH(K$17,'Limit raise'!$1:$1,0))} -> 0.85379052 | L132: =INDEX('Limit raise'!$A:$O, MATCH($C132, 'Limit raise'!$A:$A, 0), MATCH(L$17,'Limit raise'!$1:$1,0)) -> 0.059326327 | M132: 0.15 | R132: Parsimony | S132: 135 | T132: 0.57525188 | U132: 0.83787847 | V132: 0.74367941 | W132: 0.62273684 | X132: 0.55284211 | Y132: 0.058947368 | Z132: 0.0029121154
C133: 115 | D133: {=INDEX('New credit'!$A:$O, MATCH(1,('New credit'!$A:$A=$C133)*('New credit'!$D:$D=D$16), 0), MATCH(D$17,'New credit'!$1:$1,0))} -> 0.71212121 | E133: {=INDEX('New credit'!$A:$O, MATCH(1,('New credit'!$A:$A=$C133)*('New credit'!$D:$D=E$16), 0), MATCH(E$17,'New credit'!$1:$1,0))} -> 0.89678571 | F133: {=INDEX('New credit'!$A:$O, MATCH(1,('New credit'!$A:$A=$C133)*('New credit'!$D:$D=F$16), 0), MATCH(F$17,'New credit'!$1:$1,0))} -> 0.71842313 | G133: =INDEX('New credit'!$A:$O, MATCH($C133, 'New credit'!$A:$A, 0), MATCH(G$17, 'New credit'!$1:$1, 0)) -> 1 | H133: 0.15 | I133: {=INDEX('Limit raise'!$A:$O, MATCH(1,('Limit raise'!$A:$A=$C133)*('Limit raise'!$D:$D=I$16), 0), MATCH(I$17,'Limit raise'!$1:$1,0))} -> 0.68852459 | J133: {=INDEX('Limit raise'!$A:$O, MATCH(1,('Limit raise'!$A:$A=$C133)*('Limit raise'!$D:$D=J$16), 0), MATCH(J$17,'Limit raise'!$1:$1,0))} -> 0.9275 | K133: {=INDEX('Limit raise'!$A:$O, MATCH(1,('Limit raise'!$A:$A=$C133)*('Limit raise'!$D:$D=K$16), 0), MATCH(K$17,'Limit raise'!$1:$1,0))} -> 0.82791564 | L133: =INDEX('Limit raise'!$A:$O, MATCH($C133, 'Limit raise'!$A:$A, 0), MATCH(L$17,'Limit raise'!$1:$1,0)) -> 0.059646717 | M133: 0.15 | P133: Limit raise | Q133: Grid Search | R133: Fidelity | S133: 135 | T133: 0.6665724 | U133: 0.80400558 | V133: 0.66658866 | W133: 0.1 | X133: 0.4 | Y133: 0.05 | Z133: 0.00020615069
C134: 116 | D134: {=INDEX('New credit'!$A:$O, MATCH(1,('New credit'!$A:$A=$C134)*('New credit'!$D:$D=D$16), 0), MATCH(D$17,'New credit'!$1:$1,0))} -> 0.69230769 | E134: {=INDEX('New credit'!$A:$O, MATCH(1,('New credit'!$A:$A=$C134)*('New credit'!$D:$D=E$16), 0), MATCH(E$17,'New credit'!$1:$1,0))} -> 0.88692308 | F134: {=INDEX('New credit'!$A:$O, MATCH(1,('New credit'!$A:$A=$C134)*('New credit'!$D:$D=F$16), 0), MATCH(F$17,'New credit'!$1:$1,0))} -> 0.75113718 | G134: =INDEX('New credit'!$A:$O, MATCH($C134, 'New credit'!$A:$A, 0), MATCH(G$17, 'New credit'!$1:$1, 0)) -> 0.13181085 | H134: 0.15 | I134: {=INDEX('Limit raise'!$A:$O, MATCH(1,('Limit raise'!$A:$A=$C134)*('Limit raise'!$D:$D=I$16), 0), MATCH(I$17,'Limit raise'!$1:$1,0))} -> 0.66666667 | J134: {=INDEX('Limit raise'!$A:$O, MATCH(1,('Limit raise'!$A:$A=$C134)*('Limit raise'!$D:$D=J$16), 0), MATCH(J$17,'Limit raise'!$1:$1,0))} -> 0.9275 | K134: {=INDEX('Limit raise'!$A:$O, MATCH(1,('Limit raise'!$A:$A=$C134)*('Limit raise'!$D:$D=K$16), 0), MATCH(K$17,'Limit raise'!$1:$1,0))} -> 0.84630337 | L134: =INDEX('Limit raise'!$A:$O, MATCH($C134, 'Limit raise'!$A:$A, 0), MATCH(L$17,'Limit raise'!$1:$1,0)) -> 0.064760299 | M134: 0.15 | P134: Limit raise | Q134: Grid Search | R134: Strictness | S134: 135 | T134: 0.36444574 | U134: 0.91663466 | V134: 0.71554562 | W134: 0.9 | X134: 0.71452632 | Y134: 0.10957895 | Z134: 0.00026558997
C135: 117 | D135: {=INDEX('New credit'!$A:$O, MATCH(1,('New credit'!$A:$A=$C135)*('New credit'!$D:$D=D$16), 0), MATCH(D$17,'New credit'!$1:$1,0))} -> 0.74626866 | E135: {=INDEX('New credit'!$A:$O, MATCH(1,('New credit'!$A:$A=$C135)*('New credit'!$D:$D=E$16), 0), MATCH(E$17,'New credit'!$1:$1,0))} -> 0.85384615 | F135: {=INDEX('New credit'!$A:$O, MATCH(1,('New credit'!$A:$A=$C135)*('New credit'!$D:$D=F$16), 0), MATCH(F$17,'New credit'!$1:$1,0))} -> 0.64263468 | G135: =INDEX('New credit'!$A:$O, MATCH($C135, 'New credit'!$A:$A, 0), MATCH(G$17, 'New credit'!$1:$1, 0)) -> 0.14967231 | H135: 0.15 | I135: {=INDEX('Limit raise'!$A:$O, MATCH(1,('Limit raise'!$A:$A=$C135)*('Limit raise'!$D:$D=I$16), 0), MATCH(I$17,'Limit raise'!$1:$1,0))} -> 0.68333333 | J135: {=INDEX('Limit raise'!$A:$O, MATCH(1,('Limit raise'!$A:$A=$C135)*('Limit raise'!$D:$D=J$16), 0), MATCH(J$17,'Limit raise'!$1:$1,0))} -> 0.927 | K135: {=INDEX('Limit raise'!$A:$O, MATCH(1,('Limit raise'!$A:$A=$C135)*('Limit raise'!$D:$D=K$16), 0), MATCH(K$17,'Limit raise'!$1:$1,0))} -> 0.84383667 | L135: =INDEX('Limit raise'!$A:$O, MATCH($C135, 'Limit raise'!$A:$A, 0), MATCH(L$17,'Limit raise'!$1:$1,0)) -> 0.070025753 | M135: 0.15 | P135: Limit raise | Q135: Grid Search | R135: Parsimony | S135: 135 | T135: 0.50207396 | U135: 0.89662445 | V135: 0.8141339 | W135: 0.75431579 | X135: 0.70610526 | Y135: 0.051368421 | Z135: 0.00023718562
C136: 118 | D136: {=INDEX('New credit'!$A:$O, MATCH(1,('New credit'!$A:$A=$C136)*('New credit'!$D:$D=D$16), 0), MATCH(D$17,'New credit'!$1:$1,0))} -> 0.71212121 | E136: {=INDEX('New credit'!$A:$O, MATCH(1,('New credit'!$A:$A=$C136)*('New credit'!$D:$D=E$16), 0), MATCH(E$17,'New credit'!$1:$1,0))} -> 0.88884615 | F136: {=INDEX('New credit'!$A:$O, MATCH(1,('New credit'!$A:$A=$C136)*('New credit'!$D:$D=F$16), 0), MATCH(F$17,'New credit'!$1:$1,0))} -> 0.7317175 | G136: =INDEX('New credit'!$A:$O, MATCH($C136, 'New credit'!$A:$A, 0), MATCH(G$17, 'New credit'!$1:$1, 0)) -> 0.17319222 | H136: 0.15 | I136: {=INDEX('Limit raise'!$A:$O, MATCH(1,('Limit raise'!$A:$A=$C136)*('Limit raise'!$D:$D=I$16), 0), MATCH(I$17,'Limit raise'!$1:$1,0))} -> 0.67213115 | J136: {=INDEX('Limit raise'!$A:$O, MATCH(1,('Limit raise'!$A:$A=$C136)*('Limit raise'!$D:$D=J$16), 0), MATCH(J$17,'Limit raise'!$1:$1,0))} -> 0.9265 | K136: {=INDEX('Limit raise'!$A:$O, MATCH(1,('Limit raise'!$A:$A=$C136)*('Limit raise'!$D:$D=K$16), 0), MATCH(K$17,'Limit raise'!$1:$1,0))} -> 0.83879101 | L136: =INDEX('Limit raise'!$A:$O, MATCH($C136, 'Limit raise'!$A:$A, 0), MATCH(L$17,'Limit raise'!$1:$1,0)) -> 0.065423439 | M136: 0.15 | P136: New credit | Q136: Genetic Algorithm | R136: Fidelity | S136: 50 | T136: 0.69718105 | U136: 0.78717263 | V136: 0.65664842 | W136: 0.27540211 | X136: 0.55920632 | Y136: 0.056242105 | Z136: 0.0071855158
C137: 119 | D137: {=INDEX('New credit'!$A:$O, MATCH(1,('New credit'!$A:$A=$C137)*('New credit'!$D:$D=D$16), 0), MATCH(D$17,'New credit'!$1:$1,0))} -> 0.75384615 | E137: {=INDEX('New credit'!$A:$O, MATCH(1,('New credit'!$A:$A=$C137)*('New credit'!$D:$D=E$16), 0), MATCH(E$17,'New credit'!$1:$1,0))} -> 0.85692308 | F137: {=INDEX('New credit'!$A:$O, MATCH(1,('New credit'!$A:$A=$C137)*('New credit'!$D:$D=F$16), 0), MATCH(F$17,'New credit'!$1:$1,0))} -> 0.69309451 | G137: =INDEX('New credit'!$A:$O, MATCH($C137, 'New credit'!$A:$A, 0), MATCH(G$17, 'New credit'!$1:$1, 0)) -> 0.11634217 | H137: 0.15 | I137: {=INDEX('Limit raise'!$A:$O, MATCH(1,('Limit raise'!$A:$A=$C137)*('Limit raise'!$D:$D=I$16), 0), MATCH(I$17,'Limit raise'!$1:$1,0))} -> 0.68333333 | J137: {=INDEX('Limit raise'!$A:$O, MATCH(1,('Limit raise'!$A:$A=$C137)*('Limit raise'!$D:$D=J$16), 0), MATCH(J$17,'Limit raise'!$1:$1,0))} -> 0.926 | K137: {=INDEX('Limit raise'!$A:$O, MATCH(1,('Limit raise'!$A:$A=$C137)*('Limit raise'!$D:$D=K$16), 0), MATCH(K$17,'Limit raise'!$1:$1,0))} -> 0.84811829 | L137: =INDEX('Limit raise'!$A:$O, MATCH($C137, 'Limit raise'!$A:$A, 0), MATCH(L$17,'Limit raise'!$1:$1,0)) -> 0.067229489 | M137: 0.15 | P137: New credit | Q137: Genetic Algorithm | R137: Strictness | S137: 50 | T137: 0.47263158 | U137: 0.86224842 | V137: 0.70288842 | W137: 0.83754526 | X137: 0.63526105 | Y137: 0.057490526 | Z137: 0.0088856632
C138: 120 | D138: {=INDEX('New credit'!$A:$O, MATCH(1,('New credit'!$A:$A=$C138)*('New credit'!$D:$D=D$16), 0), MATCH(D$17,'New credit'!$1:$1,0))} -> 0.71875 | E138: {=INDEX('New credit'!$A:$O, MATCH(1,('New credit'!$A:$A=$C138)*('New credit'!$D:$D=E$16), 0), MATCH(E$17,'New credit'!$1:$1,0))} -> 0.86424242 | F138: {=INDEX('New credit'!$A:$O, MATCH(1,('New credit'!$A:$A=$C138)*('New credit'!$D:$D=F$16), 0), MATCH(F$17,'New credit'!$1:$1,0))} -> 0.6393189 | G138: =INDEX('New credit'!$A:$O, MATCH($C138, 'New credit'!$A:$A, 0), MATCH(G$17, 'New credit'!$1:$1, 0)) -> 0.18093005 | H138: 0.15 | I138: {=INDEX('Limit raise'!$A:$O, MATCH(1,('Limit raise'!$A:$A=$C138)*('Limit raise'!$D:$D=I$16), 0), MATCH(I$17,'Limit raise'!$1:$1,0))} -> 0.66666667 | J138: {=INDEX('Limit raise'!$A:$O, MATCH(1,('Limit raise'!$A:$A=$C138)*('Limit raise'!$D:$D=J$16), 0), MATCH(J$17,'Limit raise'!$1:$1,0))} -> 0.92571429 | K138: {=INDEX('Limit raise'!$A:$O, MATCH(1,('Limit raise'!$A:$A=$C138)*('Limit raise'!$D:$D=K$16), 0), MATCH(K$17,'Limit raise'!$1:$1,0))} -> 0.83688092 | L138: =INDEX('Limit raise'!$A:$O, MATCH($C138, 'Limit raise'!$A:$A, 0), MATCH(L$17,'Limit raise'!$1:$1,0)) -> 0.067576009 | M138: 0.15 | P138: New credit | Q138: Genetic Algorithm | R138: Parsimony | S138: 50 | T138: 0.57489895 | U138: 0.83495579 | V138: 0.73415158 | W138: 0.58960421 | X138: 0.58054105 | Y138: 0.068823158 | Z138: 0.0077659158
C139: 121 | D139: {=INDEX('New credit'!$A:$O, MATCH(1,('New credit'!$A:$A=$C139)*('New credit'!$D:$D=D$16), 0), MATCH(D$17,'New credit'!$1:$1,0))} -> 0.69354839 | E139: {=INDEX('New credit'!$A:$O, MATCH(1,('New credit'!$A:$A=$C139)*('New credit'!$D:$D=E$16), 0), MATCH(E$17,'New credit'!$1:$1,0))} -> 0.86205882 | F139: {=INDEX('New credit'!$A:$O, MATCH(1,('New credit'!$A:$A=$C139)*('New credit'!$D:$D=F$16), 0), MATCH(F$17,'New credit'!$1:$1,0))} -> 0.70183237 | G139: =INDEX('New credit'!$A:$O, MATCH($C139, 'New credit'!$A:$A, 0), MATCH(G$17, 'New credit'!$1:$1, 0)) -> 0.10167817 | H139: 0.15 | I139: {=INDEX('Limit raise'!$A:$O, MATCH(1,('Limit raise'!$A:$A=$C139)*('Limit raise'!$D:$D=I$16), 0), MATCH(I$17,'Limit raise'!$1:$1,0))} -> 0.64516129 | J139: {=INDEX('Limit raise'!$A:$O, MATCH(1,('Limit raise'!$A:$A=$C139)*('Limit raise'!$D:$D=J$16), 0), MATCH(J$17,'Limit raise'!$1:$1,0))} -> 0.92666667 | K139: {=INDEX('Limit raise'!$A:$O, MATCH(1,('Limit raise'!$A:$A=$C139)*('Limit raise'!$D:$D=K$16), 0), MATCH(K$17,'Limit raise'!$1:$1,0))} -> 0.83354117 | L139: =INDEX('Limit raise'!$A:$O, MATCH($C139, 'Limit raise'!$A:$A, 0), MATCH(L$17,'Limit raise'!$1:$1,0)) -> 0.066857916 | M139: 0.15 | P139: Limit raise | Q139: Genetic Algorithm | R139: Fidelity | S139: 50 | T139: 0.64460632 | U139: 0.81395579 | V139: 0.67594316 | W139: 0.33562105 | X139: 0.50219368 | Y139: 0.055435789 | Z139: 0.00054738947
C140: 122 | D140: {=INDEX('New credit'!$A:$O, MATCH(1,('New credit'!$A:$A=$C140)*('New credit'!$D:$D=D$16), 0), MATCH(D$17,'New credit'!$1:$1,0))} -> 0.71428571 | E140: {=INDEX('New credit'!$A:$O, MATCH(1,('New credit'!$A:$A=$C140)*('New credit'!$D:$D=E$16), 0), MATCH(E$17,'New credit'!$1:$1,0))} -> 0.86111111 | F140: {=INDEX('New credit'!$A:$O, MATCH(1,('New credit'!$A:$A=$C140)*('New credit'!$D:$D=F$16), 0), MATCH(F$17,'New credit'!$1:$1,0))} -> 0.65105201 | G140: =INDEX('New credit'!$A:$O, MATCH($C140, 'New credit'!$A:$A, 0), MATCH(G$17, 'New credit'!$1:$1, 0)) -> 1 | H140: 0.15 | I140: {=INDEX('Limit raise'!$A:$O, MATCH(1,('Limit raise'!$A:$A=$C140)*('Limit raise'!$D:$D=I$16), 0), MATCH(I$17,'Limit raise'!$1:$1,0))} -> 0.66129032 | J140: {=INDEX('Limit raise'!$A:$O, MATCH(1,('Limit raise'!$A:$A=$C140)*('Limit raise'!$D:$D=J$16), 0), MATCH(J$17,'Limit raise'!$1:$1,0))} -> 0.92666667 | K140: {=INDEX('Limit raise'!$A:$O, MATCH(1,('Limit raise'!$A:$A=$C140)*('Limit raise'!$D:$D=K$16), 0), MATCH(K$17,'Limit raise'!$1:$1,0))} -> 0.84861608 | L140: =INDEX('Limit raise'!$A:$O, MATCH($C140, 'Limit raise'!$A:$A, 0), MATCH(L$17,'Limit raise'!$1:$1,0)) -> 0.06808716 | M140: 0.15 | P140: Limit raise | Q140: Genetic Algorithm | R140: Strictness | S140: 50 | T140: 0.38406316 | U140: 0.91116211 | V140: 0.70499158 | W140: 0.84011789 | X140: 0.70486737 | Y140: 0.13113053 | Z140: 0.00071181053
C141: 123 | D141: {=INDEX('New credit'!$A:$O, MATCH(1,('New credit'!$A:$A=$C141)*('New credit'!$D:$D=D$16), 0), MATCH(D$17,'New credit'!$1:$1,0))} -> 0.76271186 | E141: {=INDEX('New credit'!$A:$O, MATCH(1,('New credit'!$A:$A=$C141)*('New credit'!$D:$D=E$16), 0), MATCH(E$17,'New credit'!$1:$1,0))} -> 0.86482759 | F141: {=INDEX('New credit'!$A:$O, MATCH(1,('New credit'!$A:$A=$C141)*('New credit'!$D:$D=F$16), 0), MATCH(F$17,'New credit'!$1:$1,0))} -> 0.70500916 | G141: =INDEX('New credit'!$A:$O, MATCH($C141, 'New credit'!$A:$A, 0), MATCH(G$17, 'New credit'!$1:$1, 0)) -> 1 | H141: 0.15 | I141: {=INDEX('Limit raise'!$A:$O, MATCH(1,('Limit raise'!$A:$A=$C141)*('Limit raise'!$D:$D=I$16), 0), MATCH(I$17,'Limit raise'!$1:$1,0))} -> 0.66129032 | J141: {=INDEX('Limit raise'!$A:$O, MATCH(1,('Limit raise'!$A:$A=$C141)*('Limit raise'!$D:$D=J$16), 0), MATCH(J$17,'Limit raise'!$1:$1,0))} -> 0.92809524 | K141: {=INDEX('Limit raise'!$A:$O, MATCH(1,('Limit raise'!$A:$A=$C141)*('Limit raise'!$D:$D=K$16), 0), MATCH(K$17,'Limit raise'!$1:$1,0))} -> 0.84828283 | L141: =INDEX('Limit raise'!$A:$O, MATCH($C141, 'Limit raise'!$A:$A, 0), MATCH(L$17,'Limit raise'!$1:$1,0)) -> 0.072554973 | M141: 0.15 | P141: Limit raise | Q141: Genetic Algorithm | R141: Parsimony | S141: 50 | T141: 0.49015789 | U141: 0.87206947 | V141: 0.75040842 | W141: 0.54708632 | X141: 0.64306316 | Y141: 0.11465474 | Z141: 0.00059216842
C142: 124 | D142: {=INDEX('New credit'!$A:$O, MATCH(1,('New credit'!$A:$A=$C142)*('New credit'!$D:$D=D$16), 0), MATCH(D$17,'New credit'!$1:$1,0))} -> 0.80701754 | E142: {=INDEX('New credit'!$A:$O, MATCH(1,('New credit'!$A:$A=$C142)*('New credit'!$D:$D=E$16), 0), MATCH(E$17,'New credit'!$1:$1,0))} -> 0.85636364 | F142: {=INDEX('New credit'!$A:$O, MATCH(1,('New credit'!$A:$A=$C142)*('New credit'!$D:$D=F$16), 0), MATCH(F$17,'New credit'!$1:$1,0))} -> 0.78477349 | G142: =INDEX('New credit'!$A:$O, MATCH($C142, 'New credit'!$A:$A, 0), MATCH(G$17, 'New credit'!$1:$1, 0)) -> 1 | H142: 0.15 | I142: {=INDEX('Limit raise'!$A:$O, MATCH(1,('Limit raise'!$A:$A=$C142)*('Limit raise'!$D:$D=I$16), 0), MATCH(I$17,'Limit raise'!$1:$1,0))} -> 0.64516129 | J142: {=INDEX('Limit raise'!$A:$O, MATCH(1,('Limit raise'!$A:$A=$C142)*('Limit raise'!$D:$D=J$16), 0), MATCH(J$17,'Limit raise'!$1:$1,0))} -> 0.929 | K142: {=INDEX('Limit raise'!$A:$O, MATCH(1,('Limit raise'!$A:$A=$C142)*('Limit raise'!$D:$D=K$16), 0), MATCH(K$17,'Limit raise'!$1:$1,0))} -> 0.82819533 | L142: =INDEX('Limit raise'!$A:$O, MATCH($C142, 'Limit raise'!$A:$A, 0), MATCH(L$17,'Limit raise'!$1:$1,0)) -> 0.072554873 | M142: 0.15 | P142: New credit | Q142: Bayesian Optimization | R142: Fidelity | S142: 25 | T142: 0.69081263 | U142: 0.79089053 | V142: 0.66116842 | W142: 0.33238316 | X142: 0.62324211 | Y142: 0.057797895 | Z142: 0.014262589
C143: 125 | D143: {=INDEX('New credit'!$A:$O, MATCH(1,('New credit'!$A:$A=$C143)*('New credit'!$D:$D=D$16), 0), MATCH(D$17,'New credit'!$1:$1,0))} -> 0.80327869 | E143: {=INDEX('New credit'!$A:$O, MATCH(1,('New credit'!$A:$A=$C143)*('New credit'!$D:$D=E$16), 0), MATCH(E$17,'New credit'!$1:$1,0))} -> 0.88454545 | F143: {=INDEX('New credit'!$A:$O, MATCH(1,('New credit'!$A:$A=$C143)*('New credit'!$D:$D=F$16), 0), MATCH(F$17,'New credit'!$1:$1,0))} -> 0.77868611 | G143: =INDEX('New credit'!$A:$O, MATCH($C143, 'New credit'!$A:$A, 0), MATCH(G$17, 'New credit'!$1:$1, 0)) -> 1 | H143: 0.15 | I143: {=INDEX('Limit raise'!$A:$O, MATCH(1,('Limit raise'!$A:$A=$C143)*('Limit raise'!$D:$D=I$16), 0), MATCH(I$17,'Limit raise'!$1:$1,0))} -> 0.67213115 | J143: {=INDEX('Limit raise'!$A:$O, MATCH(1,('Limit raise'!$A:$A=$C143)*('Limit raise'!$D:$D=J$16), 0), MATCH(J$17,'Limit raise'!$1:$1,0))} -> 0.92809524 | K143: {=INDEX('Limit raise'!$A:$O, MATCH(1,('Limit raise'!$A:$A=$C143)*('Limit raise'!$D:$D=K$16), 0), MATCH(K$17,'Limit raise'!$1:$1,0))} -> 0.82937252 | L143: =INDEX('Limit raise'!$A:$O, MATCH($C143, 'Limit raise'!$A:$A, 0), MATCH(L$17,'Limit raise'!$1:$1,0)) -> 0.073353198 | M143: 0.15 | P143: New credit | Q143: Bayesian Optimization | R143: Strictness | S143: 25 | T143: 0.46353263 | U143: 0.85724 | V143: 0.67411158 | W143: 0.81929474 | X143: 0.60403158 | Y143: 0.087637895 | Z143: 0.017703979
C144: 126 | D144: {=INDEX('New credit'!$A:$O, MATCH(1,('New credit'!$A:$A=$C144)*('New credit'!$D:$D=D$16), 0), MATCH(D$17,'New credit'!$1:$1,0))} -> 0.76119403 | E144: {=INDEX('New credit'!$A:$O, MATCH(1,('New credit'!$A:$A=$C144)*('New credit'!$D:$D=E$16), 0), MATCH(E$17,'New credit'!$1:$1,0))} -> 0.85322581 | F144: {=INDEX('New credit'!$A:$O, MATCH(1,('New credit'!$A:$A=$C144)*('New credit'!$D:$D=F$16), 0), MATCH(F$17,'New credit'!$1:$1,0))} -> 0.74201825 | G144: =INDEX('New credit'!$A:$O, MATCH($C144, 'New credit'!$A:$A, 0), MATCH(G$17, 'New credit'!$1:$1, 0)) -> 0.15601943 | H144: 0.15 | I144: {=INDEX('Limit raise'!$A:$O, MATCH(1,('Limit raise'!$A:$A=$C144)*('Limit raise'!$D:$D=I$16), 0), MATCH(I$17,'Limit raise'!$1:$1,0))} -> 0.66666667 | J144: {=INDEX('Limit raise'!$A:$O, MATCH(1,('Limit raise'!$A:$A=$C144)*('Limit raise'!$D:$D=J$16), 0), MATCH(J$17,'Limit raise'!$1:$1,0))} -> 0.92904762 | K144: {=INDEX('Limit raise'!$A:$O, MATCH(1,('Limit raise'!$A:$A=$C144)*('Limit raise'!$D:$D=K$16), 0), MATCH(K$17,'Limit raise'!$1:$1,0))} -> 0.82892068 | L144: =INDEX('Limit raise'!$A:$O, MATCH($C144, 'Limit raise'!$A:$A, 0), MATCH(L$17,'Limit raise'!$1:$1,0)) -> 0.080816511 | M144: 0.15 | P144: New credit | Q144: Bayesian Optimization | R144: Parsimony | S144: 25 | T144: 0.56257895 | U144: 0.83741474 | V144: 0.73308 | W144: 0.61371579 | X144: 0.62183789 | Y144: 0.075482105 | Z144: 0.015493916
... C147: 129 | D147: {=INDEX('New credit'!$A:$O, MATCH(1,('New credit'!$A:$A=$C147)*('New credit'!$D:$D=D$16), 0), MATCH(D$17,'New credit'!$1:$1,0))} -> 0.71875 | E147: {=INDEX('New credit'!$A:$O, MATCH(1,('New credit'!$A:$A=$C147)*('New credit'!$D:$D=E$16), 0), MATCH(E$17,'New credit'!$1:$1,0))} -> 0.86657143 | F147: {=INDEX('New credit'!$A:$O, MATCH(1,('New credit'!$A:$A=$C147)*('New credit'!$D:$D=F$16), 0), MATCH(F$17,'New credit'!$1:$1,0))} -> 0.69354288 | G147: =INDEX('New credit'!$A:$O, MATCH($C147, 'New credit'!$A:$A, 0), MATCH(G$17, 'New credit'!$1:$1, 0)) -> 1 | H147: 0.15 | I147: {=INDEX('Limit raise'!$A:$O, MATCH(1,('Limit raise'!$A:$A=$C147)*('Limit raise'!$D:$D=I$16), 0), MATCH(I$17,'Limit raise'!$1:$1,0))} -> 0.73333333 | J147: {=INDEX('Limit raise'!$A:$O, MATCH(1,('Limit raise'!$A:$A=$C147)*('Limit raise'!$D:$D=J$16), 0), MATCH(J$17,'Limit raise'!$1:$1,0))} -> 0.92636364 | K147: {=INDEX('Limit raise'!$A:$O, MATCH(1,('Limit raise'!$A:$A=$C147)*('Limit raise'!$D:$D=K$16), 0), MATCH(K$17,'Limit raise'!$1:$1,0))} -> 0.77448433 | L147: =INDEX('Limit raise'!$A:$O, MATCH($C147, 'Limit raise'!$A:$A, 0), MATCH(L$17,'Limit raise'!$1:$1,0)) -> 0.082576079 | M147: 0.15 | P147: Limit raise | Q147: Bayesian Optimization | R147: Parsimony | S147: 25 | T147: 0.46244842 | U147: 0.88343579 | V147: 0.75068421 | W147: 0.64062526 | X147: 0.69564211 | Y147: 0.13513053 | Z147: 0.0011802947
C148: 130 | D148: {=INDEX('New credit'!$A:$O, MATCH(1,('New credit'!$A:$A=$C148)*('New credit'!$D:$D=D$16), 0), MATCH(D$17,'New credit'!$1:$1,0))} -> 0.72580645 | E148: {=INDEX('New credit'!$A:$O, MATCH(1,('New credit'!$A:$A=$C148)*('New credit'!$D:$D=E$16), 0), MATCH(E$17,'New credit'!$1:$1,0))} -> 0.87142857 | F148: {=INDEX('New credit'!$A:$O, MATCH(1,('New credit'!$A:$A=$C148)*('New credit'!$D:$D=F$16), 0), MATCH(F$17,'New credit'!$1:$1,0))} -> 0.64585677 | G148: =INDEX('New credit'!$A:$O, MATCH($C148, 'New credit'!$A:$A, 0), MATCH(G$17, 'New credit'!$1:$1, 0)) -> 0.078638648 | H148: 0.15 | I148: {=INDEX('Limit raise'!$A:$O, MATCH(1,('Limit raise'!$A:$A=$C148)*('Limit raise'!$D:$D=I$16), 0), MATCH(I$17,'Limit raise'!$1:$1,0))} -> 0.71186441 | J148: {=INDEX('Limit raise'!$A:$O, MATCH(1,('Limit raise'!$A:$A=$C148)*('Limit raise'!$D:$D=J$16), 0), MATCH(J$17,'Limit raise'!$1:$1,0))} -> 0.92666667 | K148: {=INDEX('Limit raise'!$A:$O, MATCH(1,('Limit raise'!$A:$A=$C148)*('Limit raise'!$D:$D=K$16), 0), MATCH(K$17,'Limit raise'!$1:$1,0))} -> 0.76620411 | L148: =INDEX('Limit raise'!$A:$O, MATCH($C148, 'Limit raise'!$A:$A, 0), MATCH(L$17,'Limit raise'!$1:$1,0)) -> 0.084531065 | M148: 0.15
C149: 131 | D149: {=INDEX('New credit'!$A:$O, MATCH(1,('New credit'!$A:$A=$C149)*('New credit'!$D:$D=D$16), 0), MATCH(D$17,'New credit'!$1:$1,0))} -> 0.75409836 | E149: {=INDEX('New credit'!$A:$O, MATCH(1,('New credit'!$A:$A=$C149)*('New credit'!$D:$D=E$16), 0), MATCH(E$17,'New credit'!$1:$1,0))} -> 0.86944444 | F149: {=INDEX('New credit'!$A:$O, MATCH(1,('New credit'!$A:$A=$C149)*('New credit'!$D:$D=F$16), 0), MATCH(F$17,'New credit'!$1:$1,0))} -> 0.67304063 | G149: =INDEX('New credit'!$A:$O, MATCH($C149, 'New credit'!$A:$A, 0), MATCH(G$17, 'New credit'!$1:$1, 0)) -> 0.11363216 | H149: 0.15 | I149: {=INDEX('Limit raise'!$A:$O, MATCH(1,('Limit raise'!$A:$A=$C149)*('Limit raise'!$D:$D=I$16), 0), MATCH(I$17,'Limit raise'!$1:$1,0))} -> 0.71186441 | J149: {=INDEX('Limit raise'!$A:$O, MATCH(1,('Limit raise'!$A:$A=$C149)*('Limit raise'!$D:$D=J$16), 0), MATCH(J$17,'Limit raise'!$1:$1,0))} -> 0.92636364 | K149: {=INDEX('Limit raise'!$A:$O, MATCH(1,('Limit raise'!$A:$A=$C149)*('Limit raise'!$D:$D=K$16), 0), MATCH(K$17,'Limit raise'!$1:$1,0))} -> 0.79253657 | L149: =INDEX('Limit raise'!$A:$O, MATCH($C149, 'Limit raise'!$A:$A, 0), MATCH(L$17,'Limit raise'!$1:$1,0)) -> 0.084085658 | M149: 0.15
C150: 132 | D150: {=INDEX('New credit'!$A:$O, MATCH(1,('New credit'!$A:$A=$C150)*('New credit'!$D:$D=D$16), 0), MATCH(D$17,'New credit'!$1:$1,0))} -> 0.79310345 | E150: {=INDEX('New credit'!$A:$O, MATCH(1,('New credit'!$A:$A=$C150)*('New credit'!$D:$D=E$16), 0), MATCH(E$17,'New credit'!$1:$1,0))} -> 0.88848485 | F150: {=INDEX('New credit'!$A:$O, MATCH(1,('New credit'!$A:$A=$C150)*('New credit'!$D:$D=F$16), 0), MATCH(F$17,'New credit'!$1:$1,0))} -> 0.57381269 | G150: =INDEX('New credit'!$A:$O, MATCH($C150, 'New credit'!$A:$A, 0), MATCH(G$17, 'New credit'!$1:$1, 0)) -> 0.13566425 | H150: 0.15 | I150: {=INDEX('Limit raise'!$A:$O, MATCH(1,('Limit raise'!$A:$A=$C150)*('Limit raise'!$D:$D=I$16), 0), MATCH(I$17,'Limit raise'!$1:$1,0))} -> 0.69491525 | J150: {=INDEX('Limit raise'!$A:$O, MATCH(1,('Limit raise'!$A:$A=$C150)*('Limit raise'!$D:$D=J$16), 0), MATCH(J$17,'Limit raise'!$1:$1,0))} -> 0.92666667 | K150: {=INDEX('Limit raise'!$A:$O, MATCH(1,('Limit raise'!$A:$A=$C150)*('Limit raise'!$D:$D=K$16), 0), MATCH(K$17,'Limit raise'!$1:$1,0))} -> 0.79790424 | L150: =INDEX('Limit raise'!$A:$O, MATCH($C150, 'Limit raise'!$A:$A, 0), MATCH(L$17,'Limit raise'!$1:$1,0)) -> 0.078845648 | M150: 0.15
C151: 133 | D151: {=INDEX('New credit'!$A:$O, MATCH(1,('New credit'!$A:$A=$C151)*('New credit'!$D:$D=D$16), 0), MATCH(D$17,'New credit'!$1:$1,0))} -> 0.71428571 | E151: {=INDEX('New credit'!$A:$O, MATCH(1,('New credit'!$A:$A=$C151)*('New credit'!$D:$D=E$16), 0), MATCH(E$17,'New credit'!$1:$1,0))} -> 0.89307692 | F151: {=INDEX('New credit'!$A:$O, MATCH(1,('New credit'!$A:$A=$C151)*('New credit'!$D:$D=F$16), 0), MATCH(F$17,'New credit'!$1:$1,0))} -> 0.76488443 | G151: =INDEX('New credit'!$A:$O, MATCH($C151, 'New credit'!$A:$A, 0), MATCH(G$17, 'New credit'!$1:$1, 0)) -> 1 | H151: 0.15 | I151: {=INDEX('Limit raise'!$A:$O, MATCH(1,('Limit raise'!$A:$A=$C151)*('Limit raise'!$D:$D=I$16), 0), MATCH(I$17,'Limit raise'!$1:$1,0))} -> 0.67241379 | J151: {=INDEX('Limit raise'!$A:$O, MATCH(1,('Limit raise'!$A:$A=$C151)*('Limit raise'!$D:$D=J$16), 0), MATCH(J$17,'Limit raise'!$1:$1,0))} -> 0.92619048 | K151: {=INDEX('Limit raise'!$A:$O, MATCH(1,('Limit raise'!$A:$A=$C151)*('Limit raise'!$D:$D=K$16), 0), MATCH(K$17,'Limit raise'!$1:$1,0))} -> 0.78161006 | L151: =INDEX('Limit raise'!$A:$O, MATCH($C151, 'Limit raise'!$A:$A, 0), MATCH(L$17,'Limit raise'!$1:$1,0)) -> 0.07771065 | M151: 0.15
C152: 134 | D152: {=INDEX('New credit'!$A:$O, MATCH(1,('New credit'!$A:$A=$C152)*('New credit'!$D:$D=D$16), 0), MATCH(D$17,'New credit'!$1:$1,0))} -> 0.74137931 | E152: {=INDEX('New credit'!$A:$O, MATCH(1,('New credit'!$A:$A=$C152)*('New credit'!$D:$D=E$16), 0), MATCH(E$17,'New credit'!$1:$1,0))} -> 0.89714286 | F152: {=INDEX('New credit'!$A:$O, MATCH(1,('New credit'!$A:$A=$C152)*('New credit'!$D:$D=F$16), 0), MATCH(F$17,'New credit'!$1:$1,0))} -> 0.76563445 | G152: =INDEX('New credit'!$A:$O, MATCH($C152, 'New credit'!$A:$A, 0), MATCH(G$17, 'New credit'!$1:$1, 0)) -> 1 | H152: 0.15 | I152: {=INDEX('Limit raise'!$A:$O, MATCH(1,('Limit raise'!$A:$A=$C152)*('Limit raise'!$D:$D=I$16), 0), MATCH(I$17,'Limit raise'!$1:$1,0))} -> 0.66666667 | J152: {=INDEX('Limit raise'!$A:$O, MATCH(1,('Limit raise'!$A:$A=$C152)*('Limit raise'!$D:$D=J$16), 0), MATCH(J$17,'Limit raise'!$1:$1,0))} -> 0.92619048 | K152: {=INDEX('Limit raise'!$A:$O, MATCH(1,('Limit raise'!$A:$A=$C152)*('Limit raise'!$D:$D=K$16), 0), MATCH(K$17,'Limit raise'!$1:$1,0))} -> 0.80052028 | L152: =INDEX('Limit raise'!$A:$O, MATCH($C152, 'Limit raise'!$A:$A, 0), MATCH(L$17,'Limit raise'!$1:$1,0)) -> 0.081853964 | M152: 0.15
C153: 135 | D153: {=INDEX('New credit'!$A:$O, MATCH(1,('New credit'!$A:$A=$C153)*('New credit'!$D:$D=D$16), 0), MATCH(D$17,'New credit'!$1:$1,0))} -> 0.7761194 | E153: {=INDEX('New credit'!$A:$O, MATCH(1,('New credit'!$A:$A=$C153)*('New credit'!$D:$D=E$16), 0), MATCH(E$17,'New credit'!$1:$1,0))} -> 0.87225806 | F153: {=INDEX('New credit'!$A:$O, MATCH(1,('New credit'!$A:$A=$C153)*('New credit'!$D:$D=F$16), 0), MATCH(F$17,'New credit'!$1:$1,0))} -> 0.74983963 | G153: =INDEX('New credit'!$A:$O, MATCH($C153, 'New credit'!$A:$A, 0), MATCH(G$17, 'New credit'!$1:$1, 0)) -> 1 | H153: 0.15 | I153: {=INDEX('Limit raise'!$A:$O, MATCH(1,('Limit raise'!$A:$A=$C153)*('Limit raise'!$D:$D=I$16), 0), MATCH(I$17,'Limit raise'!$1:$1,0))} -> 0.66666667 | J153: {=INDEX('Limit raise'!$A:$O, MATCH(1,('Limit raise'!$A:$A=$C153)*('Limit raise'!$D:$D=J$16), 0), MATCH(J$17,'Limit raise'!$1:$1,0))} -> 0.92714286 | K153: {=INDEX('Limit raise'!$A:$O, MATCH(1,('Limit raise'!$A:$A=$C153)*('Limit raise'!$D:$D=K$16), 0), MATCH(K$17,'Limit raise'!$1:$1,0))} -> 0.8019314 | L153: =INDEX('Limit raise'!$A:$O, MATCH($C153, 'Limit raise'!$A:$A, 0), MATCH(L$17,'Limit raise'!$1:$1,0)) -> 0.079958568 | M153: 0.15
C154: 136 | D154: {=INDEX('New credit'!$A:$O, MATCH(1,('New credit'!$A:$A=$C154)*('New credit'!$D:$D=D$16), 0), MATCH(D$17,'New credit'!$1:$1,0))} -> 0.73913043 | E154: {=INDEX('New credit'!$A:$O, MATCH(1,('New credit'!$A:$A=$C154)*('New credit'!$D:$D=E$16), 0), MATCH(E$17,'New credit'!$1:$1,0))} -> 0.8983871 | F154: {=INDEX('New credit'!$A:$O, MATCH(1,('New credit'!$A:$A=$C154)*('New credit'!$D:$D=F$16), 0), MATCH(F$17,'New credit'!$1:$1,0))} -> 0.76332481 | G154: =INDEX('New credit'!$A:$O, MATCH($C154, 'New credit'!$A:$A, 0), MATCH(G$17, 'New credit'!$1:$1, 0)) -> 0.095542677 | H154: 0.15 | I154: {=INDEX('Limit raise'!$A:$O, MATCH(1,('Limit raise'!$A:$A=$C154)*('Limit raise'!$D:$D=I$16), 0), MATCH(I$17,'Limit raise'!$1:$1,0))} -> 0.66666667 | J154: {=INDEX('Limit raise'!$A:$O, MATCH(1,('Limit raise'!$A:$A=$C154)*('Limit raise'!$D:$D=J$16), 0), MATCH(J$17,'Limit raise'!$1:$1,0))} -> 0.92619048 | K154: {=INDEX('Limit raise'!$A:$O, MATCH(1,('Limit raise'!$A:$A=$C154)*('Limit raise'!$D:$D=K$16), 0), MATCH(K$17,'Limit raise'!$1:$1,0))} -> 0.79864274 | L154: =INDEX('Limit raise'!$A:$O, MATCH($C154, 'Limit raise'!$A:$A, 0), MATCH(L$17,'Limit raise'!$1:$1,0)) -> 0.078639542 | M154: 0.15
C155: 137 | D155: {=INDEX('New credit'!$A:$O, MATCH(1,('New credit'!$A:$A=$C155)*('New credit'!$D:$D=D$16), 0), MATCH(D$17,'New credit'!$1:$1,0))} -> 0.73913043 | E155: {=INDEX('New credit'!$A:$O, MATCH(1,('New credit'!$A:$A=$C155)*('New credit'!$D:$D=E$16), 0), MATCH(E$17,'New credit'!$1:$1,0))} -> 0.873125 | F155: {=INDEX('New credit'!$A:$O, MATCH(1,('New credit'!$A:$A=$C155)*('New credit'!$D:$D=F$16), 0), MATCH(F$17,'New credit'!$1:$1,0))} -> 0.7699732 | G155: =INDEX('New credit'!$A:$O, MATCH($C155, 'New credit'!$A:$A, 0), MATCH(G$17, 'New credit'!$1:$1, 0)) -> 0.10731415 | H155: 0.15 | I155: {=INDEX('Limit raise'!$A:$O, MATCH(1,('Limit raise'!$A:$A=$C155)*('Limit raise'!$D:$D=I$16), 0), MATCH(I$17,'Limit raise'!$1:$1,0))} -> 0.65 | J155: {=INDEX('Limit raise'!$A:$O, MATCH(1,('Limit raise'!$A:$A=$C155)*('Limit raise'!$D:$D=J$16), 0), MATCH(J$17,'Limit raise'!$1:$1,0))} -> 0.92714286 | K155: {=INDEX('Limit raise'!$A:$O, MATCH(1,('Limit raise'!$A:$A=$C155)*('Limit raise'!$D:$D=K$16), 0), MATCH(K$17,'Limit raise'!$1:$1,0))} -> 0.79528059 | L155: =INDEX('Limit raise'!$A:$O, MATCH($C155, 'Limit raise'!$A:$A, 0), MATCH(L$17,'Limit raise'!$1:$1,0)) -> 0.08582552 | M155: 0.15
C156: 138 | D156: {=INDEX('New credit'!$A:$O, MATCH(1,('New credit'!$A:$A=$C156)*('New credit'!$D:$D=D$16), 0), MATCH(D$17,'New credit'!$1:$1,0))} -> 0.75384615 | E156: {=INDEX('New credit'!$A:$O, MATCH(1,('New credit'!$A:$A=$C156)*('New credit'!$D:$D=E$16), 0), MATCH(E$17,'New credit'!$1:$1,0))} -> 0.89259259 | F156: {=INDEX('New credit'!$A:$O, MATCH(1,('New credit'!$A:$A=$C156)*('New credit'!$D:$D=F$16), 0), MATCH(F$17,'New credit'!$1:$1,0))} -> 0.79120612 | G156: =INDEX('New credit'!$A:$O, MATCH($C156, 'New credit'!$A:$A, 0), MATCH(G$17, 'New credit'!$1:$1, 0)) -> 1 | H156: 0.15 | I156: {=INDEX('Limit raise'!$A:$O, MATCH(1,('Limit raise'!$A:$A=$C156)*('Limit raise'!$D:$D=I$16), 0), MATCH(I$17,'Limit raise'!$1:$1,0))} -> 0.66666667 | J156: {=INDEX('Limit raise'!$A:$O, MATCH(1,('Limit raise'!$A:$A=$C156)*('Limit raise'!$D:$D=J$16), 0), MATCH(J$17,'Limit raise'!$1:$1,0))} -> 0.92857143 | K156: {=INDEX('Limit raise'!$A:$O, MATCH(1,('Limit raise'!$A:$A=$C156)*('Limit raise'!$D:$D=K$16), 0), MATCH(K$17,'Limit raise'!$1:$1,0))} -> 0.81822896 | L156: =INDEX('Limit raise'!$A:$O, MATCH($C156, 'Limit raise'!$A:$A, 0), MATCH(L$17,'Limit raise'!$1:$1,0)) -> 0.085410169 | M156: 0.15
C157: 139 | D157: {=INDEX('New credit'!$A:$O, MATCH(1,('New credit'!$A:$A=$C157)*('New credit'!$D:$D=D$16), 0), MATCH(D$17,'New credit'!$1:$1,0))} -> 0.75862069 | E157: {=INDEX('New credit'!$A:$O, MATCH(1,('New credit'!$A:$A=$C157)*('New credit'!$D:$D=E$16), 0), MATCH(E$17,'New credit'!$1:$1,0))} -> 0.86111111 | F157: {=INDEX('New credit'!$A:$O, MATCH(1,('New credit'!$A:$A=$C157)*('New credit'!$D:$D=F$16), 0), MATCH(F$17,'New credit'!$1:$1,0))} -> 0.69573895 | G157: =INDEX('New credit'!$A:$O, MATCH($C157, 'New credit'!$A:$A, 0), MATCH(G$17, 'New credit'!$1:$1, 0)) -> 1 | H157: 0.15 | I157: {=INDEX('Limit raise'!$A:$O, MATCH(1,('Limit raise'!$A:$A=$C157)*('Limit raise'!$D:$D=I$16), 0), MATCH(I$17,'Limit raise'!$1:$1,0))} -> 0.66666667 | J157: {=INDEX('Limit raise'!$A:$O, MATCH(1,('Limit raise'!$A:$A=$C157)*('Limit raise'!$D:$D=J$16), 0), MATCH(J$17,'Limit raise'!$1:$1,0))} -> 0.93105263 | K157: {=INDEX('Limit raise'!$A:$O, MATCH(1,('Limit raise'!$A:$A=$C157)*('Limit raise'!$D:$D=K$16), 0), MATCH(K$17,'Limit raise'!$1:$1,0))} -> 0.81871017 | L157: =INDEX('Limit raise'!$A:$O, MATCH($C157, 'Limit raise'!$A:$A, 0), MATCH(L$17,'Limit raise'!$1:$1,0)) -> 0.084604656 | M157: 0.15
C158: 140 | D158: {=INDEX('New credit'!$A:$O, MATCH(1,('New credit'!$A:$A=$C158)*('New credit'!$D:$D=D$16), 0), MATCH(D$17,'New credit'!$1:$1,0))} -> 0.72131148 | E158: {=INDEX('New credit'!$A:$O, MATCH(1,('New credit'!$A:$A=$C158)*('New credit'!$D:$D=E$16), 0), MATCH(E$17,'New credit'!$1:$1,0))} -> 0.88958333 | F158: {=INDEX('New credit'!$A:$O, MATCH(1,('New credit'!$A:$A=$C158)*('New credit'!$D:$D=F$16), 0), MATCH(F$17,'New credit'!$1:$1,0))} -> 0.74356622 | G158: =INDEX('New credit'!$A:$O, MATCH($C158, 'New credit'!$A:$A, 0), MATCH(G$17, 'New credit'!$1:$1, 0)) -> 1 | H158: 0.15 | I158: {=INDEX('Limit raise'!$A:$O, MATCH(1,('Limit raise'!$A:$A=$C158)*('Limit raise'!$D:$D=I$16), 0), MATCH(I$17,'Limit raise'!$1:$1,0))} -> 0.65 | J158: {=INDEX('Limit raise'!$A:$O, MATCH(1,('Limit raise'!$A:$A=$C158)*('Limit raise'!$D:$D=J$16), 0), MATCH(J$17,'Limit raise'!$1:$1,0))} -> 0.93 | K158: {=INDEX('Limit raise'!$A:$O, MATCH(1,('Limit raise'!$A:$A=$C158)*('Limit raise'!$D:$D=K$16), 0), MATCH(K$17,'Limit raise'!$1:$1,0))} -> 0.80427252 | L158: =INDEX('Limit raise'!$A:$O, MATCH($C158, 'Limit raise'!$A:$A, 0), MATCH(L$17,'Limit raise'!$1:$1,0)) -> 0.086122621 | M158: 0.15
C159: 141 | D159: {=INDEX('New credit'!$A:$O, MATCH(1,('New credit'!$A:$A=$C159)*('New credit'!$D:$D=D$16), 0), MATCH(D$17,'New credit'!$1:$1,0))} -> 0.71875 | E159: {=INDEX('New credit'!$A:$O, MATCH(1,('New credit'!$A:$A=$C159)*('New credit'!$D:$D=E$16), 0), MATCH(E$17,'New credit'!$1:$1,0))} -> 0.8630303 | F159: {=INDEX('New credit'!$A:$O, MATCH(1,('New credit'!$A:$A=$C159)*('New credit'!$D:$D=F$16), 0), MATCH(F$17,'New credit'!$1:$1,0))} -> 0.68103356 | G159: =INDEX('New credit'!$A:$O, MATCH($C159, 'New credit'!$A:$A, 0), MATCH(G$17, 'New credit'!$1:$1, 0)) -> 1 | H159: 0.15 | I159: {=INDEX('Limit raise'!$A:$O, MATCH(1,('Limit raise'!$A:$A=$C159)*('Limit raise'!$D:$D=I$16), 0), MATCH(I$17,'Limit raise'!$1:$1,0))} -> 0.66666667 | J159: {=INDEX('Limit raise'!$A:$O, MATCH(1,('Limit raise'!$A:$A=$C159)*('Limit raise'!$D:$D=J$16), 0), MATCH(J$17,'Limit raise'!$1:$1,0))} -> 0.93 | K159: {=INDEX('Limit raise'!$A:$O, MATCH(1,('Limit raise'!$A:$A=$C159)*('Limit raise'!$D:$D=K$16), 0), MATCH(K$17,'Limit raise'!$1:$1,0))} -> 0.82025234 | L159: =INDEX('Limit raise'!$A:$O, MATCH($C159, 'Limit raise'!$A:$A, 0), MATCH(L$17,'Limit raise'!$1:$1,0)) -> 0.086873513 | M159: 0.15
... C493: 475 | D493: {=INDEX('New credit'!$A:$O, MATCH(1,('New credit'!$A:$A=$C493)*('New credit'!$D:$D=D$16), 0), MATCH(D$17,'New credit'!$1:$1,0))} -> 0.6875 | E493: {=INDEX('New credit'!$A:$O, MATCH(1,('New credit'!$A:$A=$C493)*('New credit'!$D:$D=E$16), 0), MATCH(E$17,'New credit'!$1:$1,0))} -> 0.886 | F493: {=INDEX('New credit'!$A:$O, MATCH(1,('New credit'!$A:$A=$C493)*('New credit'!$D:$D=F$16), 0), MATCH(F$17,'New credit'!$1:$1,0))} -> 1 | G493: =INDEX('New credit'!$A:$O, MATCH($C493, 'New credit'!$A:$A, 0), MATCH(G$17, 'New credit'!$1:$1, 0)) -> 1 | H493: 0.15 | I493: {=INDEX('Limit raise'!$A:$O, MATCH(1,('Limit raise'!$A:$A=$C493)*('Limit raise'!$D:$D=I$16), 0), MATCH(I$17,'Limit raise'!$1:$1,0))} -> 0.71875 | J493: {=INDEX('Limit raise'!$A:$O, MATCH(1,('Limit raise'!$A:$A=$C493)*('Limit raise'!$D:$D=J$16), 0), MATCH(J$17,'Limit raise'!$1:$1,0))} -> 0.93238095 | K493: {=INDEX('Limit raise'!$A:$O, MATCH(1,('Limit raise'!$A:$A=$C493)*('Limit raise'!$D:$D=K$16), 0), MATCH(K$17,'Limit raise'!$1:$1,0))} -> 0.82955615 | L493: =INDEX('Limit raise'!$A:$O, MATCH($C493, 'Limit raise'!$A:$A, 0), MATCH(L$17,'Limit raise'!$1:$1,0)) -> 0.12074718 | M493: 0.15
B498: Asset 3: Figure 9 – JSD Drift Signal (The "Sensitivity" Plot)

Sheet ALL

Sheet Limit raise
A1: iteration | B1: cases_seen | C1: group | D1: strategy | E1: zone | F1: drift | G1: dep_threshold | H1: loop_threshold | I1: significance_threshold | J1: fitness_score | K1: precision_score | L1: structure_score | M1: criterion | N1: drift_magnitude | O1: triggered
A2: 1 | B2: 1000 | C2: Limit raise | D2: Fidelity | E2: Real-World | F2: N/A | G2: 0.1 | H2: 0.4 | I2: 0.05 | J2: 1 | K2: 0.915 | L2: 0.33333333 | M2: Optimized (JSD=1.000) | N2: 1 | O2: 1
A3: 2 | B3: 2000 | C3: Limit raise | D3: Fidelity | E3: Real-World | F3: N/A | G3: 0.1 | H3: 0.4 | I3: 0.05 | J3: 0.76923077 | K3: 0.876 | L3: 0.3 | M3: Optimized (JSD=1.000) | N3: 1 | O3: 1
A4: 3 | B4: 3000 | C4: Limit raise | D4: Fidelity | E4: Real-World | F4: N/A | G4: 0.1 | H4: 0.4 | I4: 0.05 | J4: 0.8 | K4: 0.83666667 | L4: 0.67857143 | M4: Skipped (JSD=0.073) | N4: 0.072796843 | O4: 0
A5: 4 | B5: 4000 | C5: Limit raise | D5: Fidelity | E5: Real-World | F5: N/A | G5: 0.1 | H5: 0.4 | I5: 0.05 | J5: 0.84615385 | K5: 0.71636364 | L5: 0.80957512 | M5: Optimized (JSD=1.000) | N5: 1 | O5: 1
A6: 5 | B6: 5000 | C6: Limit raise | D6: Fidelity | E6: Real-World | F6: N/A | G6: 0.1 | H6: 0.4 | I6: 0.05 | J6: 0.85714286 | K6: 0.73583333 | L6: 0.64534429 | M6: Optimized (JSD=1.000) | N6: 1 | O6: 1
A7: 6 | B7: 6000 | C7: Limit raise | D7: Fidelity | E7: Real-World | F7: N/A | G7: 0.1 | H7: 0.4 | I7: 0.05 | J7: 0.875 | K7: 0.73428571 | L7: 0.65448364 | M7: Optimized (JSD=1.000) | N7: 1 | O7: 1
A8: 7 | B8: 7000 | C8: Limit raise | D8: Fidelity | E8: Real-World | F8: N/A | G8: 0.1 | H8: 0.4 | I8: 0.05 | J8: 0.87878788 | K8: 0.7362069 | L8: 0.5896952 | M8: Skipped (JSD=0.053) | N8: 0.052925159 | O8: 0
A9: 8 | B9: 8000 | C9: Limit raise | D9: Fidelity | E9: Real-World | F9: N/A | G9: 0.1 | H9: 0.4 | I9: 0.05 | J9: 0.83333333 | K9: 0.75333333 | L9: 0.63616975 | M9: Skipped (JSD=0.092) | N9: 0.091936521 | O9: 0
A10: 9 | B10: 9000 | C10: Limit raise | D10: Fidelity | E10: Real-World | F10: N/A | G10: 0.1 | H10: 0.4 | I10: 0.05 | J10: 0.8 | K10: 0.769375 | L10: 0.64590618 | M10: Skipped (JSD=0.138) | N10: 0.13823651 | O10: 0
A11: 10 | B11: 10000 | C11: Limit raise | D11: Fidelity | E11: Real-World | F11: N/A | G11: 0.1 | H11: 0.4 | I11: 0.05 | J11: 0.8 | K11: 0.7425 | L11: 0.64659741 | M11: Optimized (JSD=1.000) | N11: 1 | O11: 1
A12: 11 | B12: 11000 | C12: Limit raise | D12: Fidelity | E12: Real-World | F12: N/A | G12: 0.1 | H12: 0.4 | I12: 0.05 | J12: 0.77777778 | K12: 0.76571429 | L12: 0.59599441 | M12: Skipped (JSD=0.034) | N12: 0.03357926 | O12: 0
A13: 12 | B13: 12000 | C13: Limit raise | D13: Fidelity | E13: Real-World | F13: N/A | G13: 0.1 | H13: 0.4 | I13: 0.05 | J13: 0.80851064 | K13: 0.74210526 | L13: 0.5761186 | M13: Skipped (JSD=0.054) | N13: 0.053835211 | O13: 0
... A1426: 475 | B1426: 475000 | C1426: Limit raise | D1426: Strictness | E1426: Real-World | F1426: N/A | G1426: 0.9 | H1426: 0.8 | I1426: 0.11666667 | J1426: 0.328125 | K1426: 0.93238095 | L1426: 0.81824602 | M1426: Skipped (JSD=0.121) | N1426: 0.12074718 | O1426: 0

Sheet New credit
A1: iteration | B1: cases_seen | C1: group | D1: strategy | E1: zone | F1: drift | G1: dep_threshold | H1: loop_threshold | I1: significance_threshold | J1: fitness_score | K1: precision_score | L1: structure_score | M1: criterion | N1: drift_magnitude | O1: triggered
A2: 1 | B2: 1000 | C2: New credit | D2: Fidelity | E2: Real-World | F2: N/A | G2: 0.1 | H2: 0.4 | I2: 0.05 | J2: 0.79310345 | K2: 0.7726087 | L2: 0.57312461 | M2: Optimized (JSD=1.000) | N2: 1 | O2: 1
A3: 1 | B3: 1000 | C3: New credit | D3: Parsimony | E3: Real-World | F3: N/A | G3: 0.1 | H3: 0.4 | I3: 0.18333333 | J3: 0.68965517 | K3: 0.768 | L3: 0.6264863 | M3: Optimized (JSD=1.000) | N3: 1 | O3: 1
A4: 1 | B4: 1000 | C4: New credit | D4: Strictness | E4: Real-World | F4: N/A | G4: 0.9 | H4: 0.4 | I4: 0.05 | J4: 0.4137931 | K4: 0.89333333 | L4: 0.45520768 | M4: Optimized (JSD=1.000) | N4: 1 | O4: 1
A5: 2 | B5: 2000 | C5: New credit | D5: Fidelity | E5: Real-World | F5: N/A | G5: 0.1 | H5: 0.4 | I5: 0.05 | J5: 0.83333333 | K5: 0.7616 | L5: 0.6789467 | M5: Skipped (JSD=0.076) | N5: 0.075834592 | O5: 0
A6: 2 | B6: 2000 | C6: New credit | D6: Parsimony | E6: Real-World | F6: N/A | G6: 0.1 | H6: 0.4 | I6: 0.18333333 | J6: 0.76666667 | K6: 0.75652174 | L6: 0.6196678 | M6: Skipped (JSD=0.076) | N6: 0.075834592 | O6: 0
A7: 2 | B7: 2000 | C7: New credit | D7: Strictness | E7: Real-World | F7: N/A | G7: 0.9 | H7: 0.4 | I7: 0.05 | J7: 0.43333333 | K7: 0.90384615 | L7: 0.46133315 | M7: Skipped (JSD=0.076) | N7: 0.075834592 | O7: 0
A8: 3 | B8: 3000 | C8: New credit | D8: Fidelity | E8: Real-World | F8: N/A | G8: 0.1 | H8: 0.4 | I8: 0.05 | J8: 0.78787879 | K8: 0.81384615 | L8: 0.64449282 | M8: Optimized (JSD=1.000) | N8: 1 | O8: 1
A9: 3 | B9: 3000 | C9: New credit | D9: Parsimony | E9: Real-World | F9: N/A | G9: 0.54444444 | H9: 0.4 | I9: 0.05 | J9: 0.72727273 | K9: 0.84 | L9: 0.67339138 | M9: Optimized (JSD=1.000) | N9: 1 | O9: 1
A10: 3 | B10: 3000 | C10: New credit | D10: Strictness | E10: Real-World | F10: N/A | G10: 0.9 | H10: 0.4 | I10: 0.05 | J10: 0.39393939 | K10: 0.91461538 | L10: 0.47509674 | M10: Optimized (JSD=1.000) | N10: 1 | O10: 1
A11: 4 | B11: 4000 | C11: New credit | D11: Fidelity | E11: Real-World | F11: N/A | G11: 0.1 | H11: 0.4 | I11: 0.05 | J11: 0.74358974 | K11: 0.7962069 | L11: 0.75632295 | M11: Optimized (JSD=1.000) | N11: 1 | O11: 1
A12: 4 | B12: 4000 | C12: New credit | D12: Parsimony | E12: Real-World | F12: N/A | G12: 0.1 | H12: 0.4 | I12: 0.05 | J12: 0.74358974 | K12: 0.7962069 | L12: 0.75632295 | M12: Optimized (JSD=1.000) | N12: 1 | O12: 1
A13: 4 | B13: 4000 | C13: New credit | D13: Strictness | E13: Real-World | F13: N/A | G13: 0.9 | H13: 0.4 | I13: 0.05 | J13: 0.33333333 | K13: 0.91384615 | L13: 0.49388268 | M13: Optimized (JSD=1.000) | N13: 1 | O13: 1
... A1426: 475 | B1426: 475000 | C1426: New credit | D1426: Strictness | E1426: Real-World | F1426: N/A | G1426: 0.9 | H1426: 0.8 | I1426: 0.05 | J1426: 0.390625 | K1426: 0.886 | L1426: 0.92298222 | M1426: Optimized (JSD=1.000) | N1426: 1 | O1426: 1
